20210305_080000,/Users/Bourtguize-Ramel/Library/Group Containers/UBF8T346G9.Office/MyExcelFolder/XLWINGS/20210305_080000_XLWGS.xlsx
20210305_040000,/Users/Bourtguize-Ramel/Library/Group Containers/UBF8T346G9.Office/MyExcelFolder/XLWINGS/20210305_040000_XLWGS.xlsx
20210304_210000,/Users/Bourtguize-Ramel/Library/Group Containers/UBF8T346G9.Office/MyExcelFolder/XLWINGS/20210304_210000_XLWGS.xlsx
20210304_170000,/Users/Bourtguize-Ramel/Library/Group Containers/UBF8T346G9.Office/MyExcelFolder/XLWINGS/20210304_170000_XLWGS.xlsx
20210304_140000,/Users/Bourtguize-Ramel/Library/Group Containers/UBF8T346G9.Office/MyExcelFolder/XLWINGS/20210304_140000_XLWGS.xlsx
20210304_110000,/Users/Bourtguize-Ramel/Library/Group Containers/UBF8T346G9.Office/MyExcelFolder/XLWINGS/20210304_110000_XLWGS.xlsx
20210304_080000,/Users/Bourtguize-Ramel/Library/Group Containers/UBF8T346G9.Office/MyExcelFolder/XLWINGS/20210304_080000_XLWGS.xlsx
20210304_040000,/Users/Bourtguize-Ramel/Library/Group Containers/UBF8T346G9.Office/MyExcelFolder/XLWINGS/20210304_040000_XLWGS.xlsx
20210303_210000,/Users/Bourtguize-Ramel/Library/Group Containers/UBF8T346G9.Office/MyExcelFolder/XLWINGS/20210303_210000_XLWGS.xlsx
20210303_170000,/Users/Bourtguize-Ramel/Library/Group Containers/UBF8T346G9.Office/MyExcelFolder/XLWINGS/20210303_170000_XLWGS.xlsx
20210303_140000,/Users/Bourtguize-Ramel/Library/Group Containers/UBF8T346G9.Office/MyExcelFolder/XLWINGS/20210303_140000_XLWGS.xlsx
20210303_110000,/Users/Bourtguize-Ramel/Library/Group Containers/UBF8T346G9.Office/MyExcelFolder/XLWINGS/20210303_110000_XLWGS.xlsx
20210303_080000,/Users/Bourtguize-Ramel/Library/Group Containers/UBF8T346G9.Office/MyExcelFolder/XLWINGS/20210303_080000_XLWGS.xlsx
20210303_040000,/Users/Bourtguize-Ramel/Library/Group Containers/UBF8T346G9.Office/MyExcelFolder/XLWINGS/20210303_040000_XLWGS.xlsx
20210302_210000,/Users/Bourtguize-Ramel/Library/Group Containers/UBF8T346G9.Office/MyExcelFolder/XLWINGS/20210302_210000_XLWGS.xlsx
20210302_170000,/Users/Bourtguize-Ramel/Library/Group Containers/UBF8T346G9.Office/MyExcelFolder/XLWINGS/20210302_170000_XLWGS.xlsx
20210302_140000,/Users/Bourtguize-Ramel/Library/Group Containers/UBF8T346G9.Office/MyExcelFolder/XLWINGS/20210302_140000_XLWGS.xlsx
20210302_110000,/Users/Bourtguize-Ramel/Library/Group Containers/UBF8T346G9.Office/MyExcelFolder/XLWINGS/20210302_110000_XLWGS.xlsx
20210302_080000,/Users/Bourtguize-Ramel/Library/Group Containers/UBF8T346G9.Office/MyExcelFolder/XLWINGS/20210302_080000_XLWGS.xlsx
20210302_040000,/Users/Bourtguize-Ramel/Library/Group Containers/UBF8T346G9.Office/MyExcelFolder/XLWINGS/20210302_040000_XLWGS.xlsx
20210301_210000,/Users/Bourtguize-Ramel/Library/Group Containers/UBF8T346G9.Office/MyExcelFolder/XLWINGS/20210301_210000_XLWGS.xlsx
20210301_170000,/Users/Bourtguize-Ramel/Library/Group Containers/UBF8T346G9.Office/MyExcelFolder/XLWINGS/20210301_170000_XLWGS.xlsx
20210301_140000,/Users/Bourtguize-Ramel/Library/Group Containers/UBF8T346G9.Office/MyExcelFolder/XLWINGS/20210301_140000_XLWGS.xlsx
20210301_110000,/Users/Bourtguize-Ramel/Library/Group Containers/UBF8T346G9.Office/MyExcelFolder/XLWINGS/20210301_110000_XLWGS.xlsx
20210301_080000,/Users/Bourtguize-Ramel/Library/Group Containers/UBF8T346G9.Office/MyExcelFolder/XLWINGS/20210301_080000_XLWGS.xlsx
20210301_040000,/Users/Bourtguize-Ramel/Library/Group Containers/UBF8T346G9.Office/MyExcelFolder/XLWINGS/20210301_040000_XLWGS.xlsx
20210228_210000,/Users/Bourtguize-Ramel/Library/Group Containers/UBF8T346G9.Office/MyExcelFolder/XLWINGS/20210228_210000_XLWGS.xlsx
20210228_170000,/Users/Bourtguize-Ramel/Library/Group Containers/UBF8T346G9.Office/MyExcelFolder/XLWINGS/20210228_170000_XLWGS.xlsx
20210228_140000,/Users/Bourtguize-Ramel/Library/Group Containers/UBF8T346G9.Office/MyExcelFolder/XLWINGS/20210228_140000_XLWGS.xlsx
20210228_110000,/Users/Bourtguize-Ramel/Library/Group Containers/UBF8T346G9.Office/MyExcelFolder/XLWINGS/20210228_110000_XLWGS.xlsx
20210228_080000,/Users/Bourtguize-Ramel/Library/Group Containers/UBF8T346G9.Office/MyExcelFolder/XLWINGS/20210228_080000_XLWGS.xlsx
20210228_040000,/Users/Bourtguize-Ramel/Library/Group Containers/UBF8T346G9.Office/MyExcelFolder/XLWINGS/20210228_040000_XLWGS.xlsx
20210227_210000,/Users/Bourtguize-Ramel/Library/Group Containers/UBF8T346G9.Office/MyExcelFolder/XLWINGS/20210227_210000_XLWGS.xlsx
20210227_170000,/Users/Bourtguize-Ramel/Library/Group Containers/UBF8T346G9.Office/MyExcelFolder/XLWINGS/20210227_170000_XLWGS.xlsx
20210227_140000,/Users/Bourtguize-Ramel/Library/Group Containers/UBF8T346G9.Office/MyExcelFolder/XLWINGS/20210227_140000_XLWGS.xlsx
20210227_110000,/Users/Bourtguize-Ramel/Library/Group Containers/UBF8T346G9.Office/MyExcelFolder/XLWINGS/20210227_110000_XLWGS.xlsx
20210227_080000,/Users/Bourtguize-Ramel/Library/Group Containers/UBF8T346G9.Office/MyExcelFolder/XLWINGS/20210227_080000_XLWGS.xlsx
20210227_040000,/Users/Bourtguize-Ramel/Library/Group Containers/UBF8T346G9.Office/MyExcelFolder/XLWINGS/20210227_040000_XLWGS.xlsx
20210226_210000,/Users/Bourtguize-Ramel/Library/Group Containers/UBF8T346G9.Office/MyExcelFolder/XLWINGS/20210226_210000_XLWGS.xlsx
20210226_170000,/Users/Bourtguize-Ramel/Library/Group Containers/UBF8T346G9.Office/MyExcelFolder/XLWINGS/20210226_170000_XLWGS.xlsx
20210226_140000,/Users/Bourtguize-Ramel/Library/Group Containers/UBF8T346G9.Office/MyExcelFolder/XLWINGS/20210226_140000_XLWGS.xlsx
20210226_110000,/Users/Bourtguize-Ramel/Library/Group Containers/UBF8T346G9.Office/MyExcelFolder/XLWINGS/20210226_110000_XLWGS.xlsx
20210226_080000,/Users/Bourtguize-Ramel/Library/Group Containers/UBF8T346G9.Office/MyExcelFolder/XLWINGS/20210226_080000_XLWGS.xlsx
20210226_040000,/Users/Bourtguize-Ramel/Library/Group Containers/UBF8T346G9.Office/MyExcelFolder/XLWINGS/20210226_040000_XLWGS.xlsx
20210225_210000,/Users/Bourtguize-Ramel/Library/Group Containers/UBF8T346G9.Office/MyExcelFolder/XLWINGS/20210225_210000_XLWGS.xlsx
20210225_170000,/Users/Bourtguize-Ramel/Library/Group Containers/UBF8T346G9.Office/MyExcelFolder/XLWINGS/20210225_170000_XLWGS.xlsx
20210225_140000,/Users/Bourtguize-Ramel/Library/Group Containers/UBF8T346G9.Office/MyExcelFolder/XLWINGS/20210225_140000_XLWGS.xlsx
20210225_110000,/Users/Bourtguize-Ramel/Library/Group Containers/UBF8T346G9.Office/MyExcelFolder/XLWINGS/20210225_110000_XLWGS.xlsx
20210225_080000,/Users/Bourtguize-Ramel/Library/Group Containers/UBF8T346G9.Office/MyExcelFolder/XLWINGS/20210225_080000_XLWGS.xlsx
20210225_040000,/Users/Bourtguize-Ramel/Library/Group Containers/UBF8T346G9.Office/MyExcelFolder/XLWINGS/20210225_040000_XLWGS.xlsx
20210224_210000,/Users/Bourtguize-Ramel/Library/Group Containers/UBF8T346G9.Office/MyExcelFolder/XLWINGS/20210224_210000_XLWGS.xlsx
20210224_170000,/Users/Bourtguize-Ramel/Library/Group Containers/UBF8T346G9.Office/MyExcelFolder/XLWINGS/20210224_170000_XLWGS.xlsx
20210224_140000,/Users/Bourtguize-Ramel/Library/Group Containers/UBF8T346G9.Office/MyExcelFolder/XLWINGS/20210224_140000_XLWGS.xlsx
20210224_110000,/Users/Bourtguize-Ramel/Library/Group Containers/UBF8T346G9.Office/MyExcelFolder/XLWINGS/20210224_110000_XLWGS.xlsx
20210224_080000,/Users/Bourtguize-Ramel/Library/Group Containers/UBF8T346G9.Office/MyExcelFolder/XLWINGS/20210224_080000_XLWGS.xlsx
20210224_040000,/Users/Bourtguize-Ramel/Library/Group Containers/UBF8T346G9.Office/MyExcelFolder/XLWINGS/20210224_040000_XLWGS.xlsx
20210223_210000,/Users/Bourtguize-Ramel/Library/Group Containers/UBF8T346G9.Office/MyExcelFolder/XLWINGS/20210223_210000_XLWGS.xlsx
20210223_170000,/Users/Bourtguize-Ramel/Library/Group Containers/UBF8T346G9.Office/MyExcelFolder/XLWINGS/20210223_170000_XLWGS.xlsx
20210223_140000,/Users/Bourtguize-Ramel/Library/Group Containers/UBF8T346G9.Office/MyExcelFolder/XLWINGS/20210223_140000_XLWGS.xlsx
20210223_110000,/Users/Bourtguize-Ramel/Library/Group Containers/UBF8T346G9.Office/MyExcelFolder/XLWINGS/20210223_110000_XLWGS.xlsx
20210223_080000,/Users/Bourtguize-Ramel/Library/Group Containers/UBF8T346G9.Office/MyExcelFolder/XLWINGS/20210223_080000_XLWGS.xlsx
20210223_040000,/Users/Bourtguize-Ramel/Library/Group Containers/UBF8T346G9.Office/MyExcelFolder/XLWINGS/20210223_040000_XLWGS.xlsx
20210222_210000,/Users/Bourtguize-Ramel/Library/Group Containers/UBF8T346G9.Office/MyExcelFolder/XLWINGS/20210222_210000_XLWGS.xlsx
20210222_170000,/Users/Bourtguize-Ramel/Library/Group Containers/UBF8T346G9.Office/MyExcelFolder/XLWINGS/20210222_170000_XLWGS.xlsx
20210222_140000,/Users/Bourtguize-Ramel/Library/Group Containers/UBF8T346G9.Office/MyExcelFolder/XLWINGS/20210222_140000_XLWGS.xlsx
20210222_110000,/Users/Bourtguize-Ramel/Library/Group Containers/UBF8T346G9.Office/MyExcelFolder/XLWINGS/20210222_110000_XLWGS.xlsx
20210222_080000,/Users/Bourtguize-Ramel/Library/Group Containers/UBF8T346G9.Office/MyExcelFolder/XLWINGS/20210222_080000_XLWGS.xlsx
20210222_040000,/Users/Bourtguize-Ramel/Library/Group Containers/UBF8T346G9.Office/MyExcelFolder/XLWINGS/20210222_040000_XLWGS.xlsx
20210221_210000,/Users/Bourtguize-Ramel/Library/Group Containers/UBF8T346G9.Office/MyExcelFolder/XLWINGS/20210221_210000_XLWGS.xlsx
20210221_170000,/Users/Bourtguize-Ramel/Library/Group Containers/UBF8T346G9.Office/MyExcelFolder/XLWINGS/20210221_170000_XLWGS.xlsx
20210221_140000,/Users/Bourtguize-Ramel/Library/Group Containers/UBF8T346G9.Office/MyExcelFolder/XLWINGS/20210221_140000_XLWGS.xlsx
20210221_110000,/Users/Bourtguize-Ramel/Library/Group Containers/UBF8T346G9.Office/MyExcelFolder/XLWINGS/20210221_110000_XLWGS.xlsx
20210221_080000,/Users/Bourtguize-Ramel/Library/Group Containers/UBF8T346G9.Office/MyExcelFolder/XLWINGS/20210221_080000_XLWGS.xlsx
20210221_040000,/Users/Bourtguize-Ramel/Library/Group Containers/UBF8T346G9.Office/MyExcelFolder/XLWINGS/20210221_040000_XLWGS.xlsx
20210220_210000,/Users/Bourtguize-Ramel/Library/Group Containers/UBF8T346G9.Office/MyExcelFolder/XLWINGS/20210220_210000_XLWGS.xlsx
20210220_170000,/Users/Bourtguize-Ramel/Library/Group Containers/UBF8T346G9.Office/MyExcelFolder/XLWINGS/20210220_170000_XLWGS.xlsx
20210220_140000,/Users/Bourtguize-Ramel/Library/Group Containers/UBF8T346G9.Office/MyExcelFolder/XLWINGS/20210220_140000_XLWGS.xlsx
20210220_110000,/Users/Bourtguize-Ramel/Library/Group Containers/UBF8T346G9.Office/MyExcelFolder/XLWINGS/20210220_110000_XLWGS.xlsx
20210220_080000,/Users/Bourtguize-Ramel/Library/Group Containers/UBF8T346G9.Office/MyExcelFolder/XLWINGS/20210220_080000_XLWGS.xlsx
20210220_040000,/Users/Bourtguize-Ramel/Library/Group Containers/UBF8T346G9.Office/MyExcelFolder/XLWINGS/20210220_040000_XLWGS.xlsx
20210219_210000,/Users/Bourtguize-Ramel/Library/Group Containers/UBF8T346G9.Office/MyExcelFolder/XLWINGS/20210219_210000_XLWGS.xlsx
20210219_170000,/Users/Bourtguize-Ramel/Library/Group Containers/UBF8T346G9.Office/MyExcelFolder/XLWINGS/20210219_170000_XLWGS.xlsx
20210219_140000,/Users/Bourtguize-Ramel/Library/Group Containers/UBF8T346G9.Office/MyExcelFolder/XLWINGS/20210219_140000_XLWGS.xlsx
20210219_110000,/Users/Bourtguize-Ramel/Library/Group Containers/UBF8T346G9.Office/MyExcelFolder/XLWINGS/20210219_110000_XLWGS.xlsx
20210219_080000,/Users/Bourtguize-Ramel/Library/Group Containers/UBF8T346G9.Office/MyExcelFolder/XLWINGS/20210219_080000_XLWGS.xlsx
20210219_040000,/Users/Bourtguize-Ramel/Library/Group Containers/UBF8T346G9.Office/MyExcelFolder/XLWINGS/20210219_040000_XLWGS.xlsx
20210218_210000,/Users/Bourtguize-Ramel/Library/Group Containers/UBF8T346G9.Office/MyExcelFolder/XLWINGS/20210218_210000_XLWGS.xlsx
20210218_170000,/Users/Bourtguize-Ramel/Library/Group Containers/UBF8T346G9.Office/MyExcelFolder/XLWINGS/20210218_170000_XLWGS.xlsx
20210218_140000,/Users/Bourtguize-Ramel/Library/Group Containers/UBF8T346G9.Office/MyExcelFolder/XLWINGS/20210218_140000_XLWGS.xlsx
20210218_110000,/Users/Bourtguize-Ramel/Library/Group Containers/UBF8T346G9.Office/MyExcelFolder/XLWINGS/20210218_110000_XLWGS.xlsx
20210218_080000,/Users/Bourtguize-Ramel/Library/Group Containers/UBF8T346G9.Office/MyExcelFolder/XLWINGS/20210218_080000_XLWGS.xlsx
20210218_040000,/Users/Bourtguize-Ramel/Library/Group Containers/UBF8T346G9.Office/MyExcelFolder/XLWINGS/20210218_040000_XLWGS.xlsx
20210217_210000,/Users/Bourtguize-Ramel/Library/Group Containers/UBF8T346G9.Office/MyExcelFolder/XLWINGS/20210217_210000_XLWGS.xlsx
20210217_170000,/Users/Bourtguize-Ramel/Library/Group Containers/UBF8T346G9.Office/MyExcelFolder/XLWINGS/20210217_170000_XLWGS.xlsx
20210217_140000,/Users/Bourtguize-Ramel/Library/Group Containers/UBF8T346G9.Office/MyExcelFolder/XLWINGS/20210217_140000_XLWGS.xlsx
20210217_110000,/Users/Bourtguize-Ramel/Library/Group Containers/UBF8T346G9.Office/MyExcelFolder/XLWINGS/20210217_110000_XLWGS.xlsx
20210217_080000,/Users/Bourtguize-Ramel/Library/Group Containers/UBF8T346G9.Office/MyExcelFolder/XLWINGS/20210217_080000_XLWGS.xlsx
20210217_040000,/Users/Bourtguize-Ramel/Library/Group Containers/UBF8T346G9.Office/MyExcelFolder/XLWINGS/20210217_040000_XLWGS.xlsx
20210216_210000,/Users/Bourtguize-Ramel/Library/Group Containers/UBF8T346G9.Office/MyExcelFolder/XLWINGS/20210216_210000_XLWGS.xlsx
20210216_170000,/Users/Bourtguize-Ramel/Library/Group Containers/UBF8T346G9.Office/MyExcelFolder/XLWINGS/20210216_170000_XLWGS.xlsx
20210216_140000,/Users/Bourtguize-Ramel/Library/Group Containers/UBF8T346G9.Office/MyExcelFolder/XLWINGS/20210216_140000_XLWGS.xlsx
20210216_110000,/Users/Bourtguize-Ramel/Library/Group Containers/UBF8T346G9.Office/MyExcelFolder/XLWINGS/20210216_110000_XLWGS.xlsx
20210216_080000,/Users/Bourtguize-Ramel/Library/Group Containers/UBF8T346G9.Office/MyExcelFolder/XLWINGS/20210216_080000_XLWGS.xlsx
20210216_040000,/Users/Bourtguize-Ramel/Library/Group Containers/UBF8T346G9.Office/MyExcelFolder/XLWINGS/20210216_040000_XLWGS.xlsx
20210215_210000,/Users/Bourtguize-Ramel/Library/Group Containers/UBF8T346G9.Office/MyExcelFolder/XLWINGS/20210215_210000_XLWGS.xlsx
20210215_170000,/Users/Bourtguize-Ramel/Library/Group Containers/UBF8T346G9.Office/MyExcelFolder/XLWINGS/20210215_170000_XLWGS.xlsx
20210215_140000,/Users/Bourtguize-Ramel/Library/Group Containers/UBF8T346G9.Office/MyExcelFolder/XLWINGS/20210215_140000_XLWGS.xlsx
20210215_110000,/Users/Bourtguize-Ramel/Library/Group Containers/UBF8T346G9.Office/MyExcelFolder/XLWINGS/20210215_110000_XLWGS.xlsx
20210215_080000,/Users/Bourtguize-Ramel/Library/Group Containers/UBF8T346G9.Office/MyExcelFolder/XLWINGS/20210215_080000_XLWGS.xlsx
20210215_040000,/Users/Bourtguize-Ramel/Library/Group Containers/UBF8T346G9.Office/MyExcelFolder/XLWINGS/20210215_040000_XLWGS.xlsx
20210214_210000,/Users/Bourtguize-Ramel/Library/Group Containers/UBF8T346G9.Office/MyExcelFolder/XLWINGS/20210214_210000_XLWGS.xlsx
20210214_170000,/Users/Bourtguize-Ramel/Library/Group Containers/UBF8T346G9.Office/MyExcelFolder/XLWINGS/20210214_170000_XLWGS.xlsx
20210214_140000,/Users/Bourtguize-Ramel/Library/Group Containers/UBF8T346G9.Office/MyExcelFolder/XLWINGS/20210214_140000_XLWGS.xlsx
20210214_110000,/Users/Bourtguize-Ramel/Library/Group Containers/UBF8T346G9.Office/MyExcelFolder/XLWINGS/20210214_110000_XLWGS.xlsx
20210214_080000,/Users/Bourtguize-Ramel/Library/Group Containers/UBF8T346G9.Office/MyExcelFolder/XLWINGS/20210214_080000_XLWGS.xlsx
20210214_040000,/Users/Bourtguize-Ramel/Library/Group Containers/UBF8T346G9.Office/MyExcelFolder/XLWINGS/20210214_040000_XLWGS.xlsx
20210213_210000,/Users/Bourtguize-Ramel/Library/Group Containers/UBF8T346G9.Office/MyExcelFolder/XLWINGS/20210213_210000_XLWGS.xlsx
20210213_170000,/Users/Bourtguize-Ramel/Library/Group Containers/UBF8T346G9.Office/MyExcelFolder/XLWINGS/20210213_170000_XLWGS.xlsx
20210213_140000,/Users/Bourtguize-Ramel/Library/Group Containers/UBF8T346G9.Office/MyExcelFolder/XLWINGS/20210213_140000_XLWGS.xlsx
20210213_110000,/Users/Bourtguize-Ramel/Library/Group Containers/UBF8T346G9.Office/MyExcelFolder/XLWINGS/20210213_110000_XLWGS.xlsx
20210213_080000,/Users/Bourtguize-Ramel/Library/Group Containers/UBF8T346G9.Office/MyExcelFolder/XLWINGS/20210213_080000_XLWGS.xlsx
20210213_040000,/Users/Bourtguize-Ramel/Library/Group Containers/UBF8T346G9.Office/MyExcelFolder/XLWINGS/20210213_040000_XLWGS.xlsx
20210212_210000,/Users/Bourtguize-Ramel/Library/Group Containers/UBF8T346G9.Office/MyExcelFolder/XLWINGS/20210212_210000_XLWGS.xlsx
20210212_170000,/Users/Bourtguize-Ramel/Library/Group Containers/UBF8T346G9.Office/MyExcelFolder/XLWINGS/20210212_170000_XLWGS.xlsx
20210212_140000,/Users/Bourtguize-Ramel/Library/Group Containers/UBF8T346G9.Office/MyExcelFolder/XLWINGS/20210212_140000_XLWGS.xlsx
20210212_110000,/Users/Bourtguize-Ramel/Library/Group Containers/UBF8T346G9.Office/MyExcelFolder/XLWINGS/20210212_110000_XLWGS.xlsx
20210212_080000,/Users/Bourtguize-Ramel/Library/Group Containers/UBF8T346G9.Office/MyExcelFolder/XLWINGS/20210212_080000_XLWGS.xlsx
20210212_040000,/Users/Bourtguize-Ramel/Library/Group Containers/UBF8T346G9.Office/MyExcelFolder/XLWINGS/20210212_040000_XLWGS.xlsx
20210211_210000,/Users/Bourtguize-Ramel/Library/Group Containers/UBF8T346G9.Office/MyExcelFolder/XLWINGS/20210211_210000_XLWGS.xlsx
20210211_170000,/Users/Bourtguize-Ramel/Library/Group Containers/UBF8T346G9.Office/MyExcelFolder/XLWINGS/20210211_170000_XLWGS.xlsx
20210211_140000,/Users/Bourtguize-Ramel/Library/Group Containers/UBF8T346G9.Office/MyExcelFolder/XLWINGS/20210211_140000_XLWGS.xlsx
20210211_110000,/Users/Bourtguize-Ramel/Library/Group Containers/UBF8T346G9.Office/MyExcelFolder/XLWINGS/20210211_110000_XLWGS.xlsx
20210211_080000,/Users/Bourtguize-Ramel/Library/Group Containers/UBF8T346G9.Office/MyExcelFolder/XLWINGS/20210211_080000_XLWGS.xlsx
20210211_040000,/Users/Bourtguize-Ramel/Library/Group Containers/UBF8T346G9.Office/MyExcelFolder/XLWINGS/20210211_040000_XLWGS.xlsx
20210210_210000,/Users/Bourtguize-Ramel/Library/Group Containers/UBF8T346G9.Office/MyExcelFolder/XLWINGS/20210210_210000_XLWGS.xlsx
20210210_170000,/Users/Bourtguize-Ramel/Library/Group Containers/UBF8T346G9.Office/MyExcelFolder/XLWINGS/20210210_170000_XLWGS.xlsx
20210210_140000,/Users/Bourtguize-Ramel/Library/Group Containers/UBF8T346G9.Office/MyExcelFolder/XLWINGS/20210210_140000_XLWGS.xlsx
20210210_110000,/Users/Bourtguize-Ramel/Library/Group Containers/UBF8T346G9.Office/MyExcelFolder/XLWINGS/20210210_110000_XLWGS.xlsx
20210210_080000,/Users/Bourtguize-Ramel/Library/Group Containers/UBF8T346G9.Office/MyExcelFolder/XLWINGS/20210210_080000_XLWGS.xlsx
20210210_040000,/Users/Bourtguize-Ramel/Library/Group Containers/UBF8T346G9.Office/MyExcelFolder/XLWINGS/20210210_040000_XLWGS.xlsx
20210209_210000,/Users/Bourtguize-Ramel/Library/Group Containers/UBF8T346G9.Office/MyExcelFolder/XLWINGS/20210209_210000_XLWGS.xlsx
20210209_170000,/Users/Bourtguize-Ramel/Library/Group Containers/UBF8T346G9.Office/MyExcelFolder/XLWINGS/20210209_170000_XLWGS.xlsx
20210209_140000,/Users/Bourtguize-Ramel/Library/Group Containers/UBF8T346G9.Office/MyExcelFolder/XLWINGS/20210209_140000_XLWGS.xlsx
20210209_110000,/Users/Bourtguize-Ramel/Library/Group Containers/UBF8T346G9.Office/MyExcelFolder/XLWINGS/20210209_110000_XLWGS.xlsx
20210209_080000,/Users/Bourtguize-Ramel/Library/Group Containers/UBF8T346G9.Office/MyExcelFolder/XLWINGS/20210209_080000_XLWGS.xlsx
20210209_040000,/Users/Bourtguize-Ramel/Library/Group Containers/UBF8T346G9.Office/MyExcelFolder/XLWINGS/20210209_040000_XLWGS.xlsx
20210208_210000,/Users/Bourtguize-Ramel/Library/Group Containers/UBF8T346G9.Office/MyExcelFolder/XLWINGS/20210208_210000_XLWGS.xlsx
20210208_170000,/Users/Bourtguize-Ramel/Library/Group Containers/UBF8T346G9.Office/MyExcelFolder/XLWINGS/20210208_170000_XLWGS.xlsx
20210208_140000,/Users/Bourtguize-Ramel/Library/Group Containers/UBF8T346G9.Office/MyExcelFolder/XLWINGS/20210208_140000_XLWGS.xlsx
20210208_110000,/Users/Bourtguize-Ramel/Library/Group Containers/UBF8T346G9.Office/MyExcelFolder/XLWINGS/20210208_110000_XLWGS.xlsx
20210208_080000,/Users/Bourtguize-Ramel/Library/Group Containers/UBF8T346G9.Office/MyExcelFolder/XLWINGS/20210208_080000_XLWGS.xlsx
20210208_040000,/Users/Bourtguize-Ramel/Library/Group Containers/UBF8T346G9.Office/MyExcelFolder/XLWINGS/20210208_040000_XLWGS.xlsx
20210207_210000,/Users/Bourtguize-Ramel/Library/Group Containers/UBF8T346G9.Office/MyExcelFolder/XLWINGS/20210207_210000_XLWGS.xlsx
20210207_170000,/Users/Bourtguize-Ramel/Library/Group Containers/UBF8T346G9.Office/MyExcelFolder/XLWINGS/20210207_170000_XLWGS.xlsx
20210207_140000,/Users/Bourtguize-Ramel/Library/Group Containers/UBF8T346G9.Office/MyExcelFolder/XLWINGS/20210207_140000_XLWGS.xlsx
20210207_110000,/Users/Bourtguize-Ramel/Library/Group Containers/UBF8T346G9.Office/MyExcelFolder/XLWINGS/20210207_110000_XLWGS.xlsx
20210207_080000,/Users/Bourtguize-Ramel/Library/Group Containers/UBF8T346G9.Office/MyExcelFolder/XLWINGS/20210207_080000_XLWGS.xlsx
20210207_040000,/Users/Bourtguize-Ramel/Library/Group Containers/UBF8T346G9.Office/MyExcelFolder/XLWINGS/20210207_040000_XLWGS.xlsx
20210206_210000,/Users/Bourtguize-Ramel/Library/Group Containers/UBF8T346G9.Office/MyExcelFolder/XLWINGS/20210206_210000_XLWGS.xlsx
20210206_170000,/Users/Bourtguize-Ramel/Library/Group Containers/UBF8T346G9.Office/MyExcelFolder/XLWINGS/20210206_170000_XLWGS.xlsx
20210206_140000,/Users/Bourtguize-Ramel/Library/Group Containers/UBF8T346G9.Office/MyExcelFolder/XLWINGS/20210206_140000_XLWGS.xlsx
20210206_110000,/Users/Bourtguize-Ramel/Library/Group Containers/UBF8T346G9.Office/MyExcelFolder/XLWINGS/20210206_110000_XLWGS.xlsx
20210206_080000,/Users/Bourtguize-Ramel/Library/Group Containers/UBF8T346G9.Office/MyExcelFolder/XLWINGS/20210206_080000_XLWGS.xlsx
20210206_040000,/Users/Bourtguize-Ramel/Library/Group Containers/UBF8T346G9.Office/MyExcelFolder/XLWINGS/20210206_040000_XLWGS.xlsx
20210205_210000,/Users/Bourtguize-Ramel/Library/Group Containers/UBF8T346G9.Office/MyExcelFolder/XLWINGS/20210205_210000_XLWGS.xlsx
20210205_170000,/Users/Bourtguize-Ramel/Library/Group Containers/UBF8T346G9.Office/MyExcelFolder/XLWINGS/20210205_170000_XLWGS.xlsx
20210205_140000,/Users/Bourtguize-Ramel/Library/Group Containers/UBF8T346G9.Office/MyExcelFolder/XLWINGS/20210205_140000_XLWGS.xlsx
20210205_110000,/Users/Bourtguize-Ramel/Library/Group Containers/UBF8T346G9.Office/MyExcelFolder/XLWINGS/20210205_110000_XLWGS.xlsx
20210205_080000,/Users/Bourtguize-Ramel/Library/Group Containers/UBF8T346G9.Office/MyExcelFolder/XLWINGS/20210205_080000_XLWGS.xlsx
20210205_040000,/Users/Bourtguize-Ramel/Library/Group Containers/UBF8T346G9.Office/MyExcelFolder/XLWINGS/20210205_040000_XLWGS.xlsx
20210204_210000,/Users/Bourtguize-Ramel/Library/Group Containers/UBF8T346G9.Office/MyExcelFolder/XLWINGS/20210204_210000_XLWGS.xlsx
20210204_170000,/Users/Bourtguize-Ramel/Library/Group Containers/UBF8T346G9.Office/MyExcelFolder/XLWINGS/20210204_170000_XLWGS.xlsx
20210204_140000,/Users/Bourtguize-Ramel/Library/Group Containers/UBF8T346G9.Office/MyExcelFolder/XLWINGS/20210204_140000_XLWGS.xlsx
20210204_110000,/Users/Bourtguize-Ramel/Library/Group Containers/UBF8T346G9.Office/MyExcelFolder/XLWINGS/20210204_110000_XLWGS.xlsx
20210204_080000,/Users/Bourtguize-Ramel/Library/Group Containers/UBF8T346G9.Office/MyExcelFolder/XLWINGS/20210204_080000_XLWGS.xlsx
20210204_040000,/Users/Bourtguize-Ramel/Library/Group Containers/UBF8T346G9.Office/MyExcelFolder/XLWINGS/20210204_040000_XLWGS.xlsx
20210203_210000,/Users/Bourtguize-Ramel/Library/Group Containers/UBF8T346G9.Office/MyExcelFolder/XLWINGS/20210203_210000_XLWGS.xlsx
20210203_170000,/Users/Bourtguize-Ramel/Library/Group Containers/UBF8T346G9.Office/MyExcelFolder/XLWINGS/20210203_170000_XLWGS.xlsx
20210203_140000,/Users/Bourtguize-Ramel/Library/Group Containers/UBF8T346G9.Office/MyExcelFolder/XLWINGS/20210203_140000_XLWGS.xlsx
20210203_110000,/Users/Bourtguize-Ramel/Library/Group Containers/UBF8T346G9.Office/MyExcelFolder/XLWINGS/20210203_110000_XLWGS.xlsx
20210203_080000,/Users/Bourtguize-Ramel/Library/Group Containers/UBF8T346G9.Office/MyExcelFolder/XLWINGS/20210203_080000_XLWGS.xlsx
20210203_040000,/Users/Bourtguize-Ramel/Library/Group Containers/UBF8T346G9.Office/MyExcelFolder/XLWINGS/20210203_040000_XLWGS.xlsx
20210202_210000,/Users/Bourtguize-Ramel/Library/Group Containers/UBF8T346G9.Office/MyExcelFolder/XLWINGS/20210202_210000_XLWGS.xlsx
20210202_170000,/Users/Bourtguize-Ramel/Library/Group Containers/UBF8T346G9.Office/MyExcelFolder/XLWINGS/20210202_170000_XLWGS.xlsx
20210202_140000,/Users/Bourtguize-Ramel/Library/Group Containers/UBF8T346G9.Office/MyExcelFolder/XLWINGS/20210202_140000_XLWGS.xlsx
20210202_110000,/Users/Bourtguize-Ramel/Library/Group Containers/UBF8T346G9.Office/MyExcelFolder/XLWINGS/20210202_110000_XLWGS.xlsx
20210202_080000,/Users/Bourtguize-Ramel/Library/Group Containers/UBF8T346G9.Office/MyExcelFolder/XLWINGS/20210202_080000_XLWGS.xlsx
20210202_040000,/Users/Bourtguize-Ramel/Library/Group Containers/UBF8T346G9.Office/MyExcelFolder/XLWINGS/20210202_040000_XLWGS.xlsx
20210201_210000,/Users/Bourtguize-Ramel/Library/Group Containers/UBF8T346G9.Office/MyExcelFolder/XLWINGS/20210201_210000_XLWGS.xlsx
20210201_170000,/Users/Bourtguize-Ramel/Library/Group Containers/UBF8T346G9.Office/MyExcelFolder/XLWINGS/20210201_170000_XLWGS.xlsx
20210201_140000,/Users/Bourtguize-Ramel/Library/Group Containers/UBF8T346G9.Office/MyExcelFolder/XLWINGS/20210201_140000_XLWGS.xlsx
20210201_110000,/Users/Bourtguize-Ramel/Library/Group Containers/UBF8T346G9.Office/MyExcelFolder/XLWINGS/20210201_110000_XLWGS.xlsx
20210201_080000,/Users/Bourtguize-Ramel/Library/Group Containers/UBF8T346G9.Office/MyExcelFolder/XLWINGS/20210201_080000_XLWGS.xlsx
20210201_040000,/Users/Bourtguize-Ramel/Library/Group Containers/UBF8T346G9.Office/MyExcelFolder/XLWINGS/20210201_040000_XLWGS.xlsx
20210131_210000,/Users/Bourtguize-Ramel/Library/Group Containers/UBF8T346G9.Office/MyExcelFolder/XLWINGS/20210131_210000_XLWGS.xlsx
20210131_170000,/Users/Bourtguize-Ramel/Library/Group Containers/UBF8T346G9.Office/MyExcelFolder/XLWINGS/20210131_170000_XLWGS.xlsx
20210131_140000,/Users/Bourtguize-Ramel/Library/Group Containers/UBF8T346G9.Office/MyExcelFolder/XLWINGS/20210131_140000_XLWGS.xlsx
20210131_110000,/Users/Bourtguize-Ramel/Library/Group Containers/UBF8T346G9.Office/MyExcelFolder/XLWINGS/20210131_110000_XLWGS.xlsx
20210131_080000,/Users/Bourtguize-Ramel/Library/Group Containers/UBF8T346G9.Office/MyExcelFolder/XLWINGS/20210131_080000_XLWGS.xlsx
20210131_040000,/Users/Bourtguize-Ramel/Library/Group Containers/UBF8T346G9.Office/MyExcelFolder/XLWINGS/20210131_040000_XLWGS.xlsx
20210130_210000,/Users/Bourtguize-Ramel/Library/Group Containers/UBF8T346G9.Office/MyExcelFolder/XLWINGS/20210130_210000_XLWGS.xlsx
20210130_170000,/Users/Bourtguize-Ramel/Library/Group Containers/UBF8T346G9.Office/MyExcelFolder/XLWINGS/20210130_170000_XLWGS.xlsx
20210130_140000,/Users/Bourtguize-Ramel/Library/Group Containers/UBF8T346G9.Office/MyExcelFolder/XLWINGS/20210130_140000_XLWGS.xlsx
20210130_110000,/Users/Bourtguize-Ramel/Library/Group Containers/UBF8T346G9.Office/MyExcelFolder/XLWINGS/20210130_110000_XLWGS.xlsx
20210130_080000,/Users/Bourtguize-Ramel/Library/Group Containers/UBF8T346G9.Office/MyExcelFolder/XLWINGS/20210130_080000_XLWGS.xlsx
20210130_040000,/Users/Bourtguize-Ramel/Library/Group Containers/UBF8T346G9.Office/MyExcelFolder/XLWINGS/20210130_040000_XLWGS.xlsx
20210129_210000,/Users/Bourtguize-Ramel/Library/Group Containers/UBF8T346G9.Office/MyExcelFolder/XLWINGS/20210129_210000_XLWGS.xlsx
20210129_170000,/Users/Bourtguize-Ramel/Library/Group Containers/UBF8T346G9.Office/MyExcelFolder/XLWINGS/20210129_170000_XLWGS.xlsx
20210129_140000,/Users/Bourtguize-Ramel/Library/Group Containers/UBF8T346G9.Office/MyExcelFolder/XLWINGS/20210129_140000_XLWGS.xlsx
20210129_110000,/Users/Bourtguize-Ramel/Library/Group Containers/UBF8T346G9.Office/MyExcelFolder/XLWINGS/20210129_110000_XLWGS.xlsx
20210129_080000,/Users/Bourtguize-Ramel/Library/Group Containers/UBF8T346G9.Office/MyExcelFolder/XLWINGS/20210129_080000_XLWGS.xlsx
20210129_040000,/Users/Bourtguize-Ramel/Library/Group Containers/UBF8T346G9.Office/MyExcelFolder/XLWINGS/20210129_040000_XLWGS.xlsx
20210128_210000,/Users/Bourtguize-Ramel/Library/Group Containers/UBF8T346G9.Office/MyExcelFolder/XLWINGS/20210128_210000_XLWGS.xlsx
20210128_170000,/Users/Bourtguize-Ramel/Library/Group Containers/UBF8T346G9.Office/MyExcelFolder/XLWINGS/20210128_170000_XLWGS.xlsx
20210128_140000,/Users/Bourtguize-Ramel/Library/Group Containers/UBF8T346G9.Office/MyExcelFolder/XLWINGS/20210128_140000_XLWGS.xlsx
20210128_110000,/Users/Bourtguize-Ramel/Library/Group Containers/UBF8T346G9.Office/MyExcelFolder/XLWINGS/20210128_110000_XLWGS.xlsx
20210128_080000,/Users/Bourtguize-Ramel/Library/Group Containers/UBF8T346G9.Office/MyExcelFolder/XLWINGS/20210128_080000_XLWGS.xlsx
20210128_040000,/Users/Bourtguize-Ramel/Library/Group Containers/UBF8T346G9.Office/MyExcelFolder/XLWINGS/20210128_040000_XLWGS.xlsx
20210127_210000,/Users/Bourtguize-Ramel/Library/Group Containers/UBF8T346G9.Office/MyExcelFolder/XLWINGS/20210127_210000_XLWGS.xlsx
20210127_170000,/Users/Bourtguize-Ramel/Library/Group Containers/UBF8T346G9.Office/MyExcelFolder/XLWINGS/20210127_170000_XLWGS.xlsx
20210127_140000,/Users/Bourtguize-Ramel/Library/Group Containers/UBF8T346G9.Office/MyExcelFolder/XLWINGS/20210127_140000_XLWGS.xlsx
20210127_110000,/Users/Bourtguize-Ramel/Library/Group Containers/UBF8T346G9.Office/MyExcelFolder/XLWINGS/20210127_110000_XLWGS.xlsx
20210127_080000,/Users/Bourtguize-Ramel/Library/Group Containers/UBF8T346G9.Office/MyExcelFolder/XLWINGS/20210127_080000_XLWGS.xlsx
20210127_040000,/Users/Bourtguize-Ramel/Library/Group Containers/UBF8T346G9.Office/MyExcelFolder/XLWINGS/20210127_040000_XLWGS.xlsx
20210126_210000,/Users/Bourtguize-Ramel/Library/Group Containers/UBF8T346G9.Office/MyExcelFolder/XLWINGS/20210126_210000_XLWGS.xlsx
20210126_170000,/Users/Bourtguize-Ramel/Library/Group Containers/UBF8T346G9.Office/MyExcelFolder/XLWINGS/20210126_170000_XLWGS.xlsx
20210126_140000,/Users/Bourtguize-Ramel/Library/Group Containers/UBF8T346G9.Office/MyExcelFolder/XLWINGS/20210126_140000_XLWGS.xlsx
20210126_110000,/Users/Bourtguize-Ramel/Library/Group Containers/UBF8T346G9.Office/MyExcelFolder/XLWINGS/20210126_110000_XLWGS.xlsx
20210126_080000,/Users/Bourtguize-Ramel/Library/Group Containers/UBF8T346G9.Office/MyExcelFolder/XLWINGS/20210126_080000_XLWGS.xlsx
20210126_040000,/Users/Bourtguize-Ramel/Library/Group Containers/UBF8T346G9.Office/MyExcelFolder/XLWINGS/20210126_040000_XLWGS.xlsx
20210125_210000,/Users/Bourtguize-Ramel/Library/Group Containers/UBF8T346G9.Office/MyExcelFolder/XLWINGS/20210125_210000_XLWGS.xlsx
20210125_170000,/Users/Bourtguize-Ramel/Library/Group Containers/UBF8T346G9.Office/MyExcelFolder/XLWINGS/20210125_170000_XLWGS.xlsx
20210125_140000,/Users/Bourtguize-Ramel/Library/Group Containers/UBF8T346G9.Office/MyExcelFolder/XLWINGS/20210125_140000_XLWGS.xlsx
20210125_110000,/Users/Bourtguize-Ramel/Library/Group Containers/UBF8T346G9.Office/MyExcelFolder/XLWINGS/20210125_110000_XLWGS.xlsx
20210125_080000,/Users/Bourtguize-Ramel/Library/Group Containers/UBF8T346G9.Office/MyExcelFolder/XLWINGS/20210125_080000_XLWGS.xlsx
20210125_040000,/Users/Bourtguize-Ramel/Library/Group Containers/UBF8T346G9.Office/MyExcelFolder/XLWINGS/20210125_040000_XLWGS.xlsx
20210124_210000,/Users/Bourtguize-Ramel/Library/Group Containers/UBF8T346G9.Office/MyExcelFolder/XLWINGS/20210124_210000_XLWGS.xlsx
20210124_170000,/Users/Bourtguize-Ramel/Library/Group Containers/UBF8T346G9.Office/MyExcelFolder/XLWINGS/20210124_170000_XLWGS.xlsx
20210124_140000,/Users/Bourtguize-Ramel/Library/Group Containers/UBF8T346G9.Office/MyExcelFolder/XLWINGS/20210124_140000_XLWGS.xlsx
20210124_110000,/Users/Bourtguize-Ramel/Library/Group Containers/UBF8T346G9.Office/MyExcelFolder/XLWINGS/20210124_110000_XLWGS.xlsx
20210124_080000,/Users/Bourtguize-Ramel/Library/Group Containers/UBF8T346G9.Office/MyExcelFolder/XLWINGS/20210124_080000_XLWGS.xlsx
20210124_040000,/Users/Bourtguize-Ramel/Library/Group Containers/UBF8T346G9.Office/MyExcelFolder/XLWINGS/20210124_040000_XLWGS.xlsx
20210123_210000,/Users/Bourtguize-Ramel/Library/Group Containers/UBF8T346G9.Office/MyExcelFolder/XLWINGS/20210123_210000_XLWGS.xlsx
20210123_170000,/Users/Bourtguize-Ramel/Library/Group Containers/UBF8T346G9.Office/MyExcelFolder/XLWINGS/20210123_170000_XLWGS.xlsx
20210123_140000,/Users/Bourtguize-Ramel/Library/Group Containers/UBF8T346G9.Office/MyExcelFolder/XLWINGS/20210123_140000_XLWGS.xlsx
20210123_110000,/Users/Bourtguize-Ramel/Library/Group Containers/UBF8T346G9.Office/MyExcelFolder/XLWINGS/20210123_110000_XLWGS.xlsx
20210123_080000,/Users/Bourtguize-Ramel/Library/Group Containers/UBF8T346G9.Office/MyExcelFolder/XLWINGS/20210123_080000_XLWGS.xlsx
20210123_040000,/Users/Bourtguize-Ramel/Library/Group Containers/UBF8T346G9.Office/MyExcelFolder/XLWINGS/20210123_040000_XLWGS.xlsx
20210122_210000,/Users/Bourtguize-Ramel/Library/Group Containers/UBF8T346G9.Office/MyExcelFolder/XLWINGS/20210122_210000_XLWGS.xlsx
20210122_170000,/Users/Bourtguize-Ramel/Library/Group Containers/UBF8T346G9.Office/MyExcelFolder/XLWINGS/20210122_170000_XLWGS.xlsx
20210122_140000,/Users/Bourtguize-Ramel/Library/Group Containers/UBF8T346G9.Office/MyExcelFolder/XLWINGS/20210122_140000_XLWGS.xlsx
20210122_110000,/Users/Bourtguize-Ramel/Library/Group Containers/UBF8T346G9.Office/MyExcelFolder/XLWINGS/20210122_110000_XLWGS.xlsx
20210122_080000,/Users/Bourtguize-Ramel/Library/Group Containers/UBF8T346G9.Office/MyExcelFolder/XLWINGS/20210122_080000_XLWGS.xlsx
20210122_040000,/Users/Bourtguize-Ramel/Library/Group Containers/UBF8T346G9.Office/MyExcelFolder/XLWINGS/20210122_040000_XLWGS.xlsx
20210121_210000,/Users/Bourtguize-Ramel/Library/Group Containers/UBF8T346G9.Office/MyExcelFolder/XLWINGS/20210121_210000_XLWGS.xlsx
20210121_170000,/Users/Bourtguize-Ramel/Library/Group Containers/UBF8T346G9.Office/MyExcelFolder/XLWINGS/20210121_170000_XLWGS.xlsx
20210121_140000,/Users/Bourtguize-Ramel/Library/Group Containers/UBF8T346G9.Office/MyExcelFolder/XLWINGS/20210121_140000_XLWGS.xlsx
20210121_110000,/Users/Bourtguize-Ramel/Library/Group Containers/UBF8T346G9.Office/MyExcelFolder/XLWINGS/20210121_110000_XLWGS.xlsx
20210121_080000,/Users/Bourtguize-Ramel/Library/Group Containers/UBF8T346G9.Office/MyExcelFolder/XLWINGS/20210121_080000_XLWGS.xlsx
20210121_040000,/Users/Bourtguize-Ramel/Library/Group Containers/UBF8T346G9.Office/MyExcelFolder/XLWINGS/20210121_040000_XLWGS.xlsx
20210120_210000,/Users/Bourtguize-Ramel/Library/Group Containers/UBF8T346G9.Office/MyExcelFolder/XLWINGS/20210120_210000_XLWGS.xlsx
20210120_170000,/Users/Bourtguize-Ramel/Library/Group Containers/UBF8T346G9.Office/MyExcelFolder/XLWINGS/20210120_170000_XLWGS.xlsx
20210120_140000,/Users/Bourtguize-Ramel/Library/Group Containers/UBF8T346G9.Office/MyExcelFolder/XLWINGS/20210120_140000_XLWGS.xlsx
20210120_110000,/Users/Bourtguize-Ramel/Library/Group Containers/UBF8T346G9.Office/MyExcelFolder/XLWINGS/20210120_110000_XLWGS.xlsx
20210120_080000,/Users/Bourtguize-Ramel/Library/Group Containers/UBF8T346G9.Office/MyExcelFolder/XLWINGS/20210120_080000_XLWGS.xlsx
20210120_040000,/Users/Bourtguize-Ramel/Library/Group Containers/UBF8T346G9.Office/MyExcelFolder/XLWINGS/20210120_040000_XLWGS.xlsx
20210119_210000,/Users/Bourtguize-Ramel/Library/Group Containers/UBF8T346G9.Office/MyExcelFolder/XLWINGS/20210119_210000_XLWGS.xlsx
20210119_170000,/Users/Bourtguize-Ramel/Library/Group Containers/UBF8T346G9.Office/MyExcelFolder/XLWINGS/20210119_170000_XLWGS.xlsx
20210119_140000,/Users/Bourtguize-Ramel/Library/Group Containers/UBF8T346G9.Office/MyExcelFolder/XLWINGS/20210119_140000_XLWGS.xlsx
20210119_110000,/Users/Bourtguize-Ramel/Library/Group Containers/UBF8T346G9.Office/MyExcelFolder/XLWINGS/20210119_110000_XLWGS.xlsx
20210119_080000,/Users/Bourtguize-Ramel/Library/Group Containers/UBF8T346G9.Office/MyExcelFolder/XLWINGS/20210119_080000_XLWGS.xlsx
20210119_040000,/Users/Bourtguize-Ramel/Library/Group Containers/UBF8T346G9.Office/MyExcelFolder/XLWINGS/20210119_040000_XLWGS.xlsx
20210118_210000,/Users/Bourtguize-Ramel/Library/Group Containers/UBF8T346G9.Office/MyExcelFolder/XLWINGS/20210118_210000_XLWGS.xlsx
20210118_170000,/Users/Bourtguize-Ramel/Library/Group Containers/UBF8T346G9.Office/MyExcelFolder/XLWINGS/20210118_170000_XLWGS.xlsx
20210118_140000,/Users/Bourtguize-Ramel/Library/Group Containers/UBF8T346G9.Office/MyExcelFolder/XLWINGS/20210118_140000_XLWGS.xlsx
20210118_110000,/Users/Bourtguize-Ramel/Library/Group Containers/UBF8T346G9.Office/MyExcelFolder/XLWINGS/20210118_110000_XLWGS.xlsx
20210118_080000,/Users/Bourtguize-Ramel/Library/Group Containers/UBF8T346G9.Office/MyExcelFolder/XLWINGS/20210118_080000_XLWGS.xlsx
20210118_040000,/Users/Bourtguize-Ramel/Library/Group Containers/UBF8T346G9.Office/MyExcelFolder/XLWINGS/20210118_040000_XLWGS.xlsx
20210117_210000,/Users/Bourtguize-Ramel/Library/Group Containers/UBF8T346G9.Office/MyExcelFolder/XLWINGS/20210117_210000_XLWGS.xlsx
20210117_170000,/Users/Bourtguize-Ramel/Library/Group Containers/UBF8T346G9.Office/MyExcelFolder/XLWINGS/20210117_170000_XLWGS.xlsx
20210117_140000,/Users/Bourtguize-Ramel/Library/Group Containers/UBF8T346G9.Office/MyExcelFolder/XLWINGS/20210117_140000_XLWGS.xlsx
20210117_110000,/Users/Bourtguize-Ramel/Library/Group Containers/UBF8T346G9.Office/MyExcelFolder/XLWINGS/20210117_110000_XLWGS.xlsx
20210117_080000,/Users/Bourtguize-Ramel/Library/Group Containers/UBF8T346G9.Office/MyExcelFolder/XLWINGS/20210117_080000_XLWGS.xlsx
20210117_040000,/Users/Bourtguize-Ramel/Library/Group Containers/UBF8T346G9.Office/MyExcelFolder/XLWINGS/20210117_040000_XLWGS.xlsx
20210116_210000,/Users/Bourtguize-Ramel/Library/Group Containers/UBF8T346G9.Office/MyExcelFolder/XLWINGS/20210116_210000_XLWGS.xlsx
20210116_170000,/Users/Bourtguize-Ramel/Library/Group Containers/UBF8T346G9.Office/MyExcelFolder/XLWINGS/20210116_170000_XLWGS.xlsx
20210116_140000,/Users/Bourtguize-Ramel/Library/Group Containers/UBF8T346G9.Office/MyExcelFolder/XLWINGS/20210116_140000_XLWGS.xlsx
20210116_110000,/Users/Bourtguize-Ramel/Library/Group Containers/UBF8T346G9.Office/MyExcelFolder/XLWINGS/20210116_110000_XLWGS.xlsx
20210116_080000,/Users/Bourtguize-Ramel/Library/Group Containers/UBF8T346G9.Office/MyExcelFolder/XLWINGS/20210116_080000_XLWGS.xlsx
20210116_040000,/Users/Bourtguize-Ramel/Library/Group Containers/UBF8T346G9.Office/MyExcelFolder/XLWINGS/20210116_040000_XLWGS.xlsx
20210115_210000,/Users/Bourtguize-Ramel/Library/Group Containers/UBF8T346G9.Office/MyExcelFolder/XLWINGS/20210115_210000_XLWGS.xlsx
20210115_170000,/Users/Bourtguize-Ramel/Library/Group Containers/UBF8T346G9.Office/MyExcelFolder/XLWINGS/20210115_170000_XLWGS.xlsx
20210115_140000,/Users/Bourtguize-Ramel/Library/Group Containers/UBF8T346G9.Office/MyExcelFolder/XLWINGS/20210115_140000_XLWGS.xlsx
20210115_110000,/Users/Bourtguize-Ramel/Library/Group Containers/UBF8T346G9.Office/MyExcelFolder/XLWINGS/20210115_110000_XLWGS.xlsx
20210115_080000,/Users/Bourtguize-Ramel/Library/Group Containers/UBF8T346G9.Office/MyExcelFolder/XLWINGS/20210115_080000_XLWGS.xlsx
20210115_040000,/Users/Bourtguize-Ramel/Library/Group Containers/UBF8T346G9.Office/MyExcelFolder/XLWINGS/20210115_040000_XLWGS.xlsx
20210114_210000,/Users/Bourtguize-Ramel/Library/Group Containers/UBF8T346G9.Office/MyExcelFolder/XLWINGS/20210114_210000_XLWGS.xlsx
20210114_170000,/Users/Bourtguize-Ramel/Library/Group Containers/UBF8T346G9.Office/MyExcelFolder/XLWINGS/20210114_170000_XLWGS.xlsx
20210114_140000,/Users/Bourtguize-Ramel/Library/Group Containers/UBF8T346G9.Office/MyExcelFolder/XLWINGS/20210114_140000_XLWGS.xlsx
20210114_110000,/Users/Bourtguize-Ramel/Library/Group Containers/UBF8T346G9.Office/MyExcelFolder/XLWINGS/20210114_110000_XLWGS.xlsx
20210114_080000,/Users/Bourtguize-Ramel/Library/Group Containers/UBF8T346G9.Office/MyExcelFolder/XLWINGS/20210114_080000_XLWGS.xlsx
20210114_040000,/Users/Bourtguize-Ramel/Library/Group Containers/UBF8T346G9.Office/MyExcelFolder/XLWINGS/20210114_040000_XLWGS.xlsx
20210113_210000,/Users/Bourtguize-Ramel/Library/Group Containers/UBF8T346G9.Office/MyExcelFolder/XLWINGS/20210113_210000_XLWGS.xlsx
20210113_170000,/Users/Bourtguize-Ramel/Library/Group Containers/UBF8T346G9.Office/MyExcelFolder/XLWINGS/20210113_170000_XLWGS.xlsx
20210113_140000,/Users/Bourtguize-Ramel/Library/Group Containers/UBF8T346G9.Office/MyExcelFolder/XLWINGS/20210113_140000_XLWGS.xlsx
20210113_110000,/Users/Bourtguize-Ramel/Library/Group Containers/UBF8T346G9.Office/MyExcelFolder/XLWINGS/20210113_110000_XLWGS.xlsx
20210113_080000,/Users/Bourtguize-Ramel/Library/Group Containers/UBF8T346G9.Office/MyExcelFolder/XLWINGS/20210113_080000_XLWGS.xlsx
20210113_040000,/Users/Bourtguize-Ramel/Library/Group Containers/UBF8T346G9.Office/MyExcelFolder/XLWINGS/20210113_040000_XLWGS.xlsx
20210112_210000,/Users/Bourtguize-Ramel/Library/Group Containers/UBF8T346G9.Office/MyExcelFolder/XLWINGS/20210112_210000_XLWGS.xlsx
20210112_170000,/Users/Bourtguize-Ramel/Library/Group Containers/UBF8T346G9.Office/MyExcelFolder/XLWINGS/20210112_170000_XLWGS.xlsx
20210112_140000,/Users/Bourtguize-Ramel/Library/Group Containers/UBF8T346G9.Office/MyExcelFolder/XLWINGS/20210112_140000_XLWGS.xlsx
20210112_110000,/Users/Bourtguize-Ramel/Library/Group Containers/UBF8T346G9.Office/MyExcelFolder/XLWINGS/20210112_110000_XLWGS.xlsx
20210112_080000,/Users/Bourtguize-Ramel/Library/Group Containers/UBF8T346G9.Office/MyExcelFolder/XLWINGS/20210112_080000_XLWGS.xlsx
20210112_040000,/Users/Bourtguize-Ramel/Library/Group Containers/UBF8T346G9.Office/MyExcelFolder/XLWINGS/20210112_040000_XLWGS.xlsx
20210111_210000,/Users/Bourtguize-Ramel/Library/Group Containers/UBF8T346G9.Office/MyExcelFolder/XLWINGS/20210111_210000_XLWGS.xlsx
20210111_170000,/Users/Bourtguize-Ramel/Library/Group Containers/UBF8T346G9.Office/MyExcelFolder/XLWINGS/20210111_170000_XLWGS.xlsx
20210111_140000,/Users/Bourtguize-Ramel/Library/Group Containers/UBF8T346G9.Office/MyExcelFolder/XLWINGS/20210111_140000_XLWGS.xlsx
20210111_110000,/Users/Bourtguize-Ramel/Library/Group Containers/UBF8T346G9.Office/MyExcelFolder/XLWINGS/20210111_110000_XLWGS.xlsx
20210111_080000,/Users/Bourtguize-Ramel/Library/Group Containers/UBF8T346G9.Office/MyExcelFolder/XLWINGS/20210111_080000_XLWGS.xlsx
20210111_040000,/Users/Bourtguize-Ramel/Library/Group Containers/UBF8T346G9.Office/MyExcelFolder/XLWINGS/20210111_040000_XLWGS.xlsx
20210110_210000,/Users/Bourtguize-Ramel/Library/Group Containers/UBF8T346G9.Office/MyExcelFolder/XLWINGS/20210110_210000_XLWGS.xlsx
20210110_170000,/Users/Bourtguize-Ramel/Library/Group Containers/UBF8T346G9.Office/MyExcelFolder/XLWINGS/20210110_170000_XLWGS.xlsx
20210110_140000,/Users/Bourtguize-Ramel/Library/Group Containers/UBF8T346G9.Office/MyExcelFolder/XLWINGS/20210110_140000_XLWGS.xlsx
20210110_110000,/Users/Bourtguize-Ramel/Library/Group Containers/UBF8T346G9.Office/MyExcelFolder/XLWINGS/20210110_110000_XLWGS.xlsx
20210110_080000,/Users/Bourtguize-Ramel/Library/Group Containers/UBF8T346G9.Office/MyExcelFolder/XLWINGS/20210110_080000_XLWGS.xlsx
20210110_040000,/Users/Bourtguize-Ramel/Library/Group Containers/UBF8T346G9.Office/MyExcelFolder/XLWINGS/20210110_040000_XLWGS.xlsx
20210109_210000,/Users/Bourtguize-Ramel/Library/Group Containers/UBF8T346G9.Office/MyExcelFolder/XLWINGS/20210109_210000_XLWGS.xlsx
20210109_170000,/Users/Bourtguize-Ramel/Library/Group Containers/UBF8T346G9.Office/MyExcelFolder/XLWINGS/20210109_170000_XLWGS.xlsx
20210109_140000,/Users/Bourtguize-Ramel/Library/Group Containers/UBF8T346G9.Office/MyExcelFolder/XLWINGS/20210109_140000_XLWGS.xlsx
20210109_110000,/Users/Bourtguize-Ramel/Library/Group Containers/UBF8T346G9.Office/MyExcelFolder/XLWINGS/20210109_110000_XLWGS.xlsx
20210109_080000,/Users/Bourtguize-Ramel/Library/Group Containers/UBF8T346G9.Office/MyExcelFolder/XLWINGS/20210109_080000_XLWGS.xlsx
20210109_040000,/Users/Bourtguize-Ramel/Library/Group Containers/UBF8T346G9.Office/MyExcelFolder/XLWINGS/20210109_040000_XLWGS.xlsx
20210108_210000,/Users/Bourtguize-Ramel/Library/Group Containers/UBF8T346G9.Office/MyExcelFolder/XLWINGS/20210108_210000_XLWGS.xlsx
20210108_170000,/Users/Bourtguize-Ramel/Library/Group Containers/UBF8T346G9.Office/MyExcelFolder/XLWINGS/20210108_170000_XLWGS.xlsx
20210108_140000,/Users/Bourtguize-Ramel/Library/Group Containers/UBF8T346G9.Office/MyExcelFolder/XLWINGS/20210108_140000_XLWGS.xlsx
20210108_110000,/Users/Bourtguize-Ramel/Library/Group Containers/UBF8T346G9.Office/MyExcelFolder/XLWINGS/20210108_110000_XLWGS.xlsx
20210108_080000,/Users/Bourtguize-Ramel/Library/Group Containers/UBF8T346G9.Office/MyExcelFolder/XLWINGS/20210108_080000_XLWGS.xlsx
20210108_040000,/Users/Bourtguize-Ramel/Library/Group Containers/UBF8T346G9.Office/MyExcelFolder/XLWINGS/20210108_040000_XLWGS.xlsx
20210107_210000,/Users/Bourtguize-Ramel/Library/Group Containers/UBF8T346G9.Office/MyExcelFolder/XLWINGS/20210107_210000_XLWGS.xlsx
20210107_170000,/Users/Bourtguize-Ramel/Library/Group Containers/UBF8T346G9.Office/MyExcelFolder/XLWINGS/20210107_170000_XLWGS.xlsx
20210107_140000,/Users/Bourtguize-Ramel/Library/Group Containers/UBF8T346G9.Office/MyExcelFolder/XLWINGS/20210107_140000_XLWGS.xlsx
20210107_110000,/Users/Bourtguize-Ramel/Library/Group Containers/UBF8T346G9.Office/MyExcelFolder/XLWINGS/20210107_110000_XLWGS.xlsx
20210107_080000,/Users/Bourtguize-Ramel/Library/Group Containers/UBF8T346G9.Office/MyExcelFolder/XLWINGS/20210107_080000_XLWGS.xlsx
20210107_040000,/Users/Bourtguize-Ramel/Library/Group Containers/UBF8T346G9.Office/MyExcelFolder/XLWINGS/20210107_040000_XLWGS.xlsx
20210106_210000,/Users/Bourtguize-Ramel/Library/Group Containers/UBF8T346G9.Office/MyExcelFolder/XLWINGS/20210106_210000_XLWGS.xlsx
20210106_170000,/Users/Bourtguize-Ramel/Library/Group Containers/UBF8T346G9.Office/MyExcelFolder/XLWINGS/20210106_170000_XLWGS.xlsx
20210106_140000,/Users/Bourtguize-Ramel/Library/Group Containers/UBF8T346G9.Office/MyExcelFolder/XLWINGS/20210106_140000_XLWGS.xlsx
20210106_110000,/Users/Bourtguize-Ramel/Library/Group Containers/UBF8T346G9.Office/MyExcelFolder/XLWINGS/20210106_110000_XLWGS.xlsx
20210106_080000,/Users/Bourtguize-Ramel/Library/Group Containers/UBF8T346G9.Office/MyExcelFolder/XLWINGS/20210106_080000_XLWGS.xlsx
20210106_040000,/Users/Bourtguize-Ramel/Library/Group Containers/UBF8T346G9.Office/MyExcelFolder/XLWINGS/20210106_040000_XLWGS.xlsx
20210105_210000,/Users/Bourtguize-Ramel/Library/Group Containers/UBF8T346G9.Office/MyExcelFolder/XLWINGS/20210105_210000_XLWGS.xlsx
20210105_170000,/Users/Bourtguize-Ramel/Library/Group Containers/UBF8T346G9.Office/MyExcelFolder/XLWINGS/20210105_170000_XLWGS.xlsx
20210105_140000,/Users/Bourtguize-Ramel/Library/Group Containers/UBF8T346G9.Office/MyExcelFolder/XLWINGS/20210105_140000_XLWGS.xlsx
20210105_110000,/Users/Bourtguize-Ramel/Library/Group Containers/UBF8T346G9.Office/MyExcelFolder/XLWINGS/20210105_110000_XLWGS.xlsx
20210105_080000,/Users/Bourtguize-Ramel/Library/Group Containers/UBF8T346G9.Office/MyExcelFolder/XLWINGS/20210105_080000_XLWGS.xlsx
20210105_040000,/Users/Bourtguize-Ramel/Library/Group Containers/UBF8T346G9.Office/MyExcelFolder/XLWINGS/20210105_040000_XLWGS.xlsx
20210104_210000,/Users/Bourtguize-Ramel/Library/Group Containers/UBF8T346G9.Office/MyExcelFolder/XLWINGS/20210104_210000_XLWGS.xlsx
20210104_170000,/Users/Bourtguize-Ramel/Library/Group Containers/UBF8T346G9.Office/MyExcelFolder/XLWINGS/20210104_170000_XLWGS.xlsx
20210104_140000,/Users/Bourtguize-Ramel/Library/Group Containers/UBF8T346G9.Office/MyExcelFolder/XLWINGS/20210104_140000_XLWGS.xlsx
20210104_110000,/Users/Bourtguize-Ramel/Library/Group Containers/UBF8T346G9.Office/MyExcelFolder/XLWINGS/20210104_110000_XLWGS.xlsx
20210104_080000,/Users/Bourtguize-Ramel/Library/Group Containers/UBF8T346G9.Office/MyExcelFolder/XLWINGS/20210104_080000_XLWGS.xlsx
20210104_040000,/Users/Bourtguize-Ramel/Library/Group Containers/UBF8T346G9.Office/MyExcelFolder/XLWINGS/20210104_040000_XLWGS.xlsx
20210103_210000,/Users/Bourtguize-Ramel/Library/Group Containers/UBF8T346G9.Office/MyExcelFolder/XLWINGS/20210103_210000_XLWGS.xlsx
20210103_170000,/Users/Bourtguize-Ramel/Library/Group Containers/UBF8T346G9.Office/MyExcelFolder/XLWINGS/20210103_170000_XLWGS.xlsx
20210103_140000,/Users/Bourtguize-Ramel/Library/Group Containers/UBF8T346G9.Office/MyExcelFolder/XLWINGS/20210103_140000_XLWGS.xlsx
20210103_110000,/Users/Bourtguize-Ramel/Library/Group Containers/UBF8T346G9.Office/MyExcelFolder/XLWINGS/20210103_110000_XLWGS.xlsx
20210103_080000,/Users/Bourtguize-Ramel/Library/Group Containers/UBF8T346G9.Office/MyExcelFolder/XLWINGS/20210103_080000_XLWGS.xlsx
20210103_040000,/Users/Bourtguize-Ramel/Library/Group Containers/UBF8T346G9.Office/MyExcelFolder/XLWINGS/20210103_040000_XLWGS.xlsx
20210102_210000,/Users/Bourtguize-Ramel/Library/Group Containers/UBF8T346G9.Office/MyExcelFolder/XLWINGS/20210102_210000_XLWGS.xlsx
20210102_170000,/Users/Bourtguize-Ramel/Library/Group Containers/UBF8T346G9.Office/MyExcelFolder/XLWINGS/20210102_170000_XLWGS.xlsx
20210102_140000,/Users/Bourtguize-Ramel/Library/Group Containers/UBF8T346G9.Office/MyExcelFolder/XLWINGS/20210102_140000_XLWGS.xlsx
20210102_110000,/Users/Bourtguize-Ramel/Library/Group Containers/UBF8T346G9.Office/MyExcelFolder/XLWINGS/20210102_110000_XLWGS.xlsx
20210102_080000,/Users/Bourtguize-Ramel/Library/Group Containers/UBF8T346G9.Office/MyExcelFolder/XLWINGS/20210102_080000_XLWGS.xlsx
20210102_040000,/Users/Bourtguize-Ramel/Library/Group Containers/UBF8T346G9.Office/MyExcelFolder/XLWINGS/20210102_040000_XLWGS.xlsx
20210101_210000,/Users/Bourtguize-Ramel/Library/Group Containers/UBF8T346G9.Office/MyExcelFolder/XLWINGS/20210101_210000_XLWGS.xlsx
20210101_170000,/Users/Bourtguize-Ramel/Library/Group Containers/UBF8T346G9.Office/MyExcelFolder/XLWINGS/20210101_170000_XLWGS.xlsx
20210101_140000,/Users/Bourtguize-Ramel/Library/Group Containers/UBF8T346G9.Office/MyExcelFolder/XLWINGS/20210101_140000_XLWGS.xlsx
20210101_110000,/Users/Bourtguize-Ramel/Library/Group Containers/UBF8T346G9.Office/MyExcelFolder/XLWINGS/20210101_110000_XLWGS.xlsx
20210101_080000,/Users/Bourtguize-Ramel/Library/Group Containers/UBF8T346G9.Office/MyExcelFolder/XLWINGS/20210101_080000_XLWGS.xlsx
20210101_040000,/Users/Bourtguize-Ramel/Library/Group Containers/UBF8T346G9.Office/MyExcelFolder/XLWINGS/20210101_040000_XLWGS.xlsx
20201231_210000,/Users/Bourtguize-Ramel/Library/Group Containers/UBF8T346G9.Office/MyExcelFolder/XLWINGS/20201231_210000_XLWGS.xlsx
20201231_170000,/Users/Bourtguize-Ramel/Library/Group Containers/UBF8T346G9.Office/MyExcelFolder/XLWINGS/20201231_170000_XLWGS.xlsx
20201231_140000,/Users/Bourtguize-Ramel/Library/Group Containers/UBF8T346G9.Office/MyExcelFolder/XLWINGS/20201231_140000_XLWGS.xlsx
20201231_110000,/Users/Bourtguize-Ramel/Library/Group Containers/UBF8T346G9.Office/MyExcelFolder/XLWINGS/20201231_110000_XLWGS.xlsx
20201231_080000,/Users/Bourtguize-Ramel/Library/Group Containers/UBF8T346G9.Office/MyExcelFolder/XLWINGS/20201231_080000_XLWGS.xlsx
20201231_040000,/Users/Bourtguize-Ramel/Library/Group Containers/UBF8T346G9.Office/MyExcelFolder/XLWINGS/20201231_040000_XLWGS.xlsx
20201230_210000,/Users/Bourtguize-Ramel/Library/Group Containers/UBF8T346G9.Office/MyExcelFolder/XLWINGS/20201230_210000_XLWGS.xlsx
20201230_170000,/Users/Bourtguize-Ramel/Library/Group Containers/UBF8T346G9.Office/MyExcelFolder/XLWINGS/20201230_170000_XLWGS.xlsx
20201230_140000,/Users/Bourtguize-Ramel/Library/Group Containers/UBF8T346G9.Office/MyExcelFolder/XLWINGS/20201230_140000_XLWGS.xlsx
20201230_110000,/Users/Bourtguize-Ramel/Library/Group Containers/UBF8T346G9.Office/MyExcelFolder/XLWINGS/20201230_110000_XLWGS.xlsx
20201230_080000,/Users/Bourtguize-Ramel/Library/Group Containers/UBF8T346G9.Office/MyExcelFolder/XLWINGS/20201230_080000_XLWGS.xlsx
20201230_040000,/Users/Bourtguize-Ramel/Library/Group Containers/UBF8T346G9.Office/MyExcelFolder/XLWINGS/20201230_040000_XLWGS.xlsx
20201229_210000,/Users/Bourtguize-Ramel/Library/Group Containers/UBF8T346G9.Office/MyExcelFolder/XLWINGS/20201229_210000_XLWGS.xlsx
20201229_170000,/Users/Bourtguize-Ramel/Library/Group Containers/UBF8T346G9.Office/MyExcelFolder/XLWINGS/20201229_170000_XLWGS.xlsx
20201229_140000,/Users/Bourtguize-Ramel/Library/Group Containers/UBF8T346G9.Office/MyExcelFolder/XLWINGS/20201229_140000_XLWGS.xlsx
20201229_110000,/Users/Bourtguize-Ramel/Library/Group Containers/UBF8T346G9.Office/MyExcelFolder/XLWINGS/20201229_110000_XLWGS.xlsx
20201229_080000,/Users/Bourtguize-Ramel/Library/Group Containers/UBF8T346G9.Office/MyExcelFolder/XLWINGS/20201229_080000_XLWGS.xlsx
20201229_040000,/Users/Bourtguize-Ramel/Library/Group Containers/UBF8T346G9.Office/MyExcelFolder/XLWINGS/20201229_040000_XLWGS.xlsx
20201228_210000,/Users/Bourtguize-Ramel/Library/Group Containers/UBF8T346G9.Office/MyExcelFolder/XLWINGS/20201228_210000_XLWGS.xlsx
20201228_170000,/Users/Bourtguize-Ramel/Library/Group Containers/UBF8T346G9.Office/MyExcelFolder/XLWINGS/20201228_170000_XLWGS.xlsx
20201228_140000,/Users/Bourtguize-Ramel/Library/Group Containers/UBF8T346G9.Office/MyExcelFolder/XLWINGS/20201228_140000_XLWGS.xlsx
20201228_110000,/Users/Bourtguize-Ramel/Library/Group Containers/UBF8T346G9.Office/MyExcelFolder/XLWINGS/20201228_110000_XLWGS.xlsx
20201228_080000,/Users/Bourtguize-Ramel/Library/Group Containers/UBF8T346G9.Office/MyExcelFolder/XLWINGS/20201228_080000_XLWGS.xlsx
20201228_040000,/Users/Bourtguize-Ramel/Library/Group Containers/UBF8T346G9.Office/MyExcelFolder/XLWINGS/20201228_040000_XLWGS.xlsx
20201227_210000,/Users/Bourtguize-Ramel/Library/Group Containers/UBF8T346G9.Office/MyExcelFolder/XLWINGS/20201227_210000_XLWGS.xlsx
20201227_170000,/Users/Bourtguize-Ramel/Library/Group Containers/UBF8T346G9.Office/MyExcelFolder/XLWINGS/20201227_170000_XLWGS.xlsx
20201227_140000,/Users/Bourtguize-Ramel/Library/Group Containers/UBF8T346G9.Office/MyExcelFolder/XLWINGS/20201227_140000_XLWGS.xlsx
20201227_110000,/Users/Bourtguize-Ramel/Library/Group Containers/UBF8T346G9.Office/MyExcelFolder/XLWINGS/20201227_110000_XLWGS.xlsx
20201227_080000,/Users/Bourtguize-Ramel/Library/Group Containers/UBF8T346G9.Office/MyExcelFolder/XLWINGS/20201227_080000_XLWGS.xlsx
20201227_040000,/Users/Bourtguize-Ramel/Library/Group Containers/UBF8T346G9.Office/MyExcelFolder/XLWINGS/20201227_040000_XLWGS.xlsx
20201226_210000,/Users/Bourtguize-Ramel/Library/Group Containers/UBF8T346G9.Office/MyExcelFolder/XLWINGS/20201226_210000_XLWGS.xlsx
20201226_170000,/Users/Bourtguize-Ramel/Library/Group Containers/UBF8T346G9.Office/MyExcelFolder/XLWINGS/20201226_170000_XLWGS.xlsx
20201226_140000,/Users/Bourtguize-Ramel/Library/Group Containers/UBF8T346G9.Office/MyExcelFolder/XLWINGS/20201226_140000_XLWGS.xlsx
20201226_110000,/Users/Bourtguize-Ramel/Library/Group Containers/UBF8T346G9.Office/MyExcelFolder/XLWINGS/20201226_110000_XLWGS.xlsx
20201226_080000,/Users/Bourtguize-Ramel/Library/Group Containers/UBF8T346G9.Office/MyExcelFolder/XLWINGS/20201226_080000_XLWGS.xlsx
20201226_040000,/Users/Bourtguize-Ramel/Library/Group Containers/UBF8T346G9.Office/MyExcelFolder/XLWINGS/20201226_040000_XLWGS.xlsx
20201225_210000,/Users/Bourtguize-Ramel/Library/Group Containers/UBF8T346G9.Office/MyExcelFolder/XLWINGS/20201225_210000_XLWGS.xlsx
20201225_170000,/Users/Bourtguize-Ramel/Library/Group Containers/UBF8T346G9.Office/MyExcelFolder/XLWINGS/20201225_170000_XLWGS.xlsx
20201225_140000,/Users/Bourtguize-Ramel/Library/Group Containers/UBF8T346G9.Office/MyExcelFolder/XLWINGS/20201225_140000_XLWGS.xlsx
20201225_110000,/Users/Bourtguize-Ramel/Library/Group Containers/UBF8T346G9.Office/MyExcelFolder/XLWINGS/20201225_110000_XLWGS.xlsx
20201225_080000,/Users/Bourtguize-Ramel/Library/Group Containers/UBF8T346G9.Office/MyExcelFolder/XLWINGS/20201225_080000_XLWGS.xlsx
20201225_040000,/Users/Bourtguize-Ramel/Library/Group Containers/UBF8T346G9.Office/MyExcelFolder/XLWINGS/20201225_040000_XLWGS.xlsx
20201224_210000,/Users/Bourtguize-Ramel/Library/Group Containers/UBF8T346G9.Office/MyExcelFolder/XLWINGS/20201224_210000_XLWGS.xlsx
20201224_170000,/Users/Bourtguize-Ramel/Library/Group Containers/UBF8T346G9.Office/MyExcelFolder/XLWINGS/20201224_170000_XLWGS.xlsx
20201224_140000,/Users/Bourtguize-Ramel/Library/Group Containers/UBF8T346G9.Office/MyExcelFolder/XLWINGS/20201224_140000_XLWGS.xlsx
20201224_110000,/Users/Bourtguize-Ramel/Library/Group Containers/UBF8T346G9.Office/MyExcelFolder/XLWINGS/20201224_110000_XLWGS.xlsx
20201224_080000,/Users/Bourtguize-Ramel/Library/Group Containers/UBF8T346G9.Office/MyExcelFolder/XLWINGS/20201224_080000_XLWGS.xlsx
20201224_040000,/Users/Bourtguize-Ramel/Library/Group Containers/UBF8T346G9.Office/MyExcelFolder/XLWINGS/20201224_040000_XLWGS.xlsx
20201223_210000,/Users/Bourtguize-Ramel/Library/Group Containers/UBF8T346G9.Office/MyExcelFolder/XLWINGS/20201223_210000_XLWGS.xlsx
20201223_170000,/Users/Bourtguize-Ramel/Library/Group Containers/UBF8T346G9.Office/MyExcelFolder/XLWINGS/20201223_170000_XLWGS.xlsx
20201223_140000,/Users/Bourtguize-Ramel/Library/Group Containers/UBF8T346G9.Office/MyExcelFolder/XLWINGS/20201223_140000_XLWGS.xlsx
20201223_110000,/Users/Bourtguize-Ramel/Library/Group Containers/UBF8T346G9.Office/MyExcelFolder/XLWINGS/20201223_110000_XLWGS.xlsx
20201223_080000,/Users/Bourtguize-Ramel/Library/Group Containers/UBF8T346G9.Office/MyExcelFolder/XLWINGS/20201223_080000_XLWGS.xlsx
20201223_040000,/Users/Bourtguize-Ramel/Library/Group Containers/UBF8T346G9.Office/MyExcelFolder/XLWINGS/20201223_040000_XLWGS.xlsx
20201222_210000,/Users/Bourtguize-Ramel/Library/Group Containers/UBF8T346G9.Office/MyExcelFolder/XLWINGS/20201222_210000_XLWGS.xlsx
20201222_170000,/Users/Bourtguize-Ramel/Library/Group Containers/UBF8T346G9.Office/MyExcelFolder/XLWINGS/20201222_170000_XLWGS.xlsx
20201222_140000,/Users/Bourtguize-Ramel/Library/Group Containers/UBF8T346G9.Office/MyExcelFolder/XLWINGS/20201222_140000_XLWGS.xlsx
20201222_110000,/Users/Bourtguize-Ramel/Library/Group Containers/UBF8T346G9.Office/MyExcelFolder/XLWINGS/20201222_110000_XLWGS.xlsx
20201222_080000,/Users/Bourtguize-Ramel/Library/Group Containers/UBF8T346G9.Office/MyExcelFolder/XLWINGS/20201222_080000_XLWGS.xlsx
20201222_040000,/Users/Bourtguize-Ramel/Library/Group Containers/UBF8T346G9.Office/MyExcelFolder/XLWINGS/20201222_040000_XLWGS.xlsx
20201221_210000,/Users/Bourtguize-Ramel/Library/Group Containers/UBF8T346G9.Office/MyExcelFolder/XLWINGS/20201221_210000_XLWGS.xlsx
20201221_170000,/Users/Bourtguize-Ramel/Library/Group Containers/UBF8T346G9.Office/MyExcelFolder/XLWINGS/20201221_170000_XLWGS.xlsx
20201221_140000,/Users/Bourtguize-Ramel/Library/Group Containers/UBF8T346G9.Office/MyExcelFolder/XLWINGS/20201221_140000_XLWGS.xlsx
20201221_110000,/Users/Bourtguize-Ramel/Library/Group Containers/UBF8T346G9.Office/MyExcelFolder/XLWINGS/20201221_110000_XLWGS.xlsx
20201221_080000,/Users/Bourtguize-Ramel/Library/Group Containers/UBF8T346G9.Office/MyExcelFolder/XLWINGS/20201221_080000_XLWGS.xlsx
20201221_040000,/Users/Bourtguize-Ramel/Library/Group Containers/UBF8T346G9.Office/MyExcelFolder/XLWINGS/20201221_040000_XLWGS.xlsx
20201220_210000,/Users/Bourtguize-Ramel/Library/Group Containers/UBF8T346G9.Office/MyExcelFolder/XLWINGS/20201220_210000_XLWGS.xlsx
20201220_170000,/Users/Bourtguize-Ramel/Library/Group Containers/UBF8T346G9.Office/MyExcelFolder/XLWINGS/20201220_170000_XLWGS.xlsx
20201220_140000,/Users/Bourtguize-Ramel/Library/Group Containers/UBF8T346G9.Office/MyExcelFolder/XLWINGS/20201220_140000_XLWGS.xlsx
20201220_110000,/Users/Bourtguize-Ramel/Library/Group Containers/UBF8T346G9.Office/MyExcelFolder/XLWINGS/20201220_110000_XLWGS.xlsx
20201220_080000,/Users/Bourtguize-Ramel/Library/Group Containers/UBF8T346G9.Office/MyExcelFolder/XLWINGS/20201220_080000_XLWGS.xlsx
20201220_040000,/Users/Bourtguize-Ramel/Library/Group Containers/UBF8T346G9.Office/MyExcelFolder/XLWINGS/20201220_040000_XLWGS.xlsx
20201219_210000,/Users/Bourtguize-Ramel/Library/Group Containers/UBF8T346G9.Office/MyExcelFolder/XLWINGS/20201219_210000_XLWGS.xlsx
20201219_170000,/Users/Bourtguize-Ramel/Library/Group Containers/UBF8T346G9.Office/MyExcelFolder/XLWINGS/20201219_170000_XLWGS.xlsx
20201219_140000,/Users/Bourtguize-Ramel/Library/Group Containers/UBF8T346G9.Office/MyExcelFolder/XLWINGS/20201219_140000_XLWGS.xlsx
20201219_110000,/Users/Bourtguize-Ramel/Library/Group Containers/UBF8T346G9.Office/MyExcelFolder/XLWINGS/20201219_110000_XLWGS.xlsx
20201219_080000,/Users/Bourtguize-Ramel/Library/Group Containers/UBF8T346G9.Office/MyExcelFolder/XLWINGS/20201219_080000_XLWGS.xlsx
20201219_040000,/Users/Bourtguize-Ramel/Library/Group Containers/UBF8T346G9.Office/MyExcelFolder/XLWINGS/20201219_040000_XLWGS.xlsx
20201218_210000,/Users/Bourtguize-Ramel/Library/Group Containers/UBF8T346G9.Office/MyExcelFolder/XLWINGS/20201218_210000_XLWGS.xlsx
20201218_170000,/Users/Bourtguize-Ramel/Library/Group Containers/UBF8T346G9.Office/MyExcelFolder/XLWINGS/20201218_170000_XLWGS.xlsx
20201218_140000,/Users/Bourtguize-Ramel/Library/Group Containers/UBF8T346G9.Office/MyExcelFolder/XLWINGS/20201218_140000_XLWGS.xlsx
20201218_110000,/Users/Bourtguize-Ramel/Library/Group Containers/UBF8T346G9.Office/MyExcelFolder/XLWINGS/20201218_110000_XLWGS.xlsx
20201218_080000,/Users/Bourtguize-Ramel/Library/Group Containers/UBF8T346G9.Office/MyExcelFolder/XLWINGS/20201218_080000_XLWGS.xlsx
20201218_040000,/Users/Bourtguize-Ramel/Library/Group Containers/UBF8T346G9.Office/MyExcelFolder/XLWINGS/20201218_040000_XLWGS.xlsx
20201217_210000,/Users/Bourtguize-Ramel/Library/Group Containers/UBF8T346G9.Office/MyExcelFolder/XLWINGS/20201217_210000_XLWGS.xlsx
20201217_170000,/Users/Bourtguize-Ramel/Library/Group Containers/UBF8T346G9.Office/MyExcelFolder/XLWINGS/20201217_170000_XLWGS.xlsx
20201217_140000,/Users/Bourtguize-Ramel/Library/Group Containers/UBF8T346G9.Office/MyExcelFolder/XLWINGS/20201217_140000_XLWGS.xlsx
20201217_110000,/Users/Bourtguize-Ramel/Library/Group Containers/UBF8T346G9.Office/MyExcelFolder/XLWINGS/20201217_110000_XLWGS.xlsx
20201217_080000,/Users/Bourtguize-Ramel/Library/Group Containers/UBF8T346G9.Office/MyExcelFolder/XLWINGS/20201217_080000_XLWGS.xlsx
20201217_040000,/Users/Bourtguize-Ramel/Library/Group Containers/UBF8T346G9.Office/MyExcelFolder/XLWINGS/20201217_040000_XLWGS.xlsx
20201216_210000,/Users/Bourtguize-Ramel/Library/Group Containers/UBF8T346G9.Office/MyExcelFolder/XLWINGS/20201216_210000_XLWGS.xlsx
20201216_170000,/Users/Bourtguize-Ramel/Library/Group Containers/UBF8T346G9.Office/MyExcelFolder/XLWINGS/20201216_170000_XLWGS.xlsx
20201216_140000,/Users/Bourtguize-Ramel/Library/Group Containers/UBF8T346G9.Office/MyExcelFolder/XLWINGS/20201216_140000_XLWGS.xlsx
20201216_110000,/Users/Bourtguize-Ramel/Library/Group Containers/UBF8T346G9.Office/MyExcelFolder/XLWINGS/20201216_110000_XLWGS.xlsx
20201216_080000,/Users/Bourtguize-Ramel/Library/Group Containers/UBF8T346G9.Office/MyExcelFolder/XLWINGS/20201216_080000_XLWGS.xlsx
20201216_040000,/Users/Bourtguize-Ramel/Library/Group Containers/UBF8T346G9.Office/MyExcelFolder/XLWINGS/20201216_040000_XLWGS.xlsx
20201215_210000,/Users/Bourtguize-Ramel/Library/Group Containers/UBF8T346G9.Office/MyExcelFolder/XLWINGS/20201215_210000_XLWGS.xlsx
20201215_170000,/Users/Bourtguize-Ramel/Library/Group Containers/UBF8T346G9.Office/MyExcelFolder/XLWINGS/20201215_170000_XLWGS.xlsx
20201215_140000,/Users/Bourtguize-Ramel/Library/Group Containers/UBF8T346G9.Office/MyExcelFolder/XLWINGS/20201215_140000_XLWGS.xlsx
20201215_110000,/Users/Bourtguize-Ramel/Library/Group Containers/UBF8T346G9.Office/MyExcelFolder/XLWINGS/20201215_110000_XLWGS.xlsx
20201215_080000,/Users/Bourtguize-Ramel/Library/Group Containers/UBF8T346G9.Office/MyExcelFolder/XLWINGS/20201215_080000_XLWGS.xlsx
20201215_040000,/Users/Bourtguize-Ramel/Library/Group Containers/UBF8T346G9.Office/MyExcelFolder/XLWINGS/20201215_040000_XLWGS.xlsx
20201214_210000,/Users/Bourtguize-Ramel/Library/Group Containers/UBF8T346G9.Office/MyExcelFolder/XLWINGS/20201214_210000_XLWGS.xlsx
20201214_170000,/Users/Bourtguize-Ramel/Library/Group Containers/UBF8T346G9.Office/MyExcelFolder/XLWINGS/20201214_170000_XLWGS.xlsx
20201214_140000,/Users/Bourtguize-Ramel/Library/Group Containers/UBF8T346G9.Office/MyExcelFolder/XLWINGS/20201214_140000_XLWGS.xlsx
20201214_110000,/Users/Bourtguize-Ramel/Library/Group Containers/UBF8T346G9.Office/MyExcelFolder/XLWINGS/20201214_110000_XLWGS.xlsx
20201214_080000,/Users/Bourtguize-Ramel/Library/Group Containers/UBF8T346G9.Office/MyExcelFolder/XLWINGS/20201214_080000_XLWGS.xlsx
20201214_040000,/Users/Bourtguize-Ramel/Library/Group Containers/UBF8T346G9.Office/MyExcelFolder/XLWINGS/20201214_040000_XLWGS.xlsx
20201213_210000,/Users/Bourtguize-Ramel/Library/Group Containers/UBF8T346G9.Office/MyExcelFolder/XLWINGS/20201213_210000_XLWGS.xlsx
20201213_170000,/Users/Bourtguize-Ramel/Library/Group Containers/UBF8T346G9.Office/MyExcelFolder/XLWINGS/20201213_170000_XLWGS.xlsx
20201213_140000,/Users/Bourtguize-Ramel/Library/Group Containers/UBF8T346G9.Office/MyExcelFolder/XLWINGS/20201213_140000_XLWGS.xlsx
20201213_110000,/Users/Bourtguize-Ramel/Library/Group Containers/UBF8T346G9.Office/MyExcelFolder/XLWINGS/20201213_110000_XLWGS.xlsx
20201213_080000,/Users/Bourtguize-Ramel/Library/Group Containers/UBF8T346G9.Office/MyExcelFolder/XLWINGS/20201213_080000_XLWGS.xlsx
20201213_040000,/Users/Bourtguize-Ramel/Library/Group Containers/UBF8T346G9.Office/MyExcelFolder/XLWINGS/20201213_040000_XLWGS.xlsx
20201212_210000,/Users/Bourtguize-Ramel/Library/Group Containers/UBF8T346G9.Office/MyExcelFolder/XLWINGS/20201212_210000_XLWGS.xlsx
20201212_170000,/Users/Bourtguize-Ramel/Library/Group Containers/UBF8T346G9.Office/MyExcelFolder/XLWINGS/20201212_170000_XLWGS.xlsx
20201212_140000,/Users/Bourtguize-Ramel/Library/Group Containers/UBF8T346G9.Office/MyExcelFolder/XLWINGS/20201212_140000_XLWGS.xlsx
20201212_110000,/Users/Bourtguize-Ramel/Library/Group Containers/UBF8T346G9.Office/MyExcelFolder/XLWINGS/20201212_110000_XLWGS.xlsx
20201212_080000,/Users/Bourtguize-Ramel/Library/Group Containers/UBF8T346G9.Office/MyExcelFolder/XLWINGS/20201212_080000_XLWGS.xlsx
20201212_040000,/Users/Bourtguize-Ramel/Library/Group Containers/UBF8T346G9.Office/MyExcelFolder/XLWINGS/20201212_040000_XLWGS.xlsx
20201211_210000,/Users/Bourtguize-Ramel/Library/Group Containers/UBF8T346G9.Office/MyExcelFolder/XLWINGS/20201211_210000_XLWGS.xlsx
20201211_170000,/Users/Bourtguize-Ramel/Library/Group Containers/UBF8T346G9.Office/MyExcelFolder/XLWINGS/20201211_170000_XLWGS.xlsx
20201211_140000,/Users/Bourtguize-Ramel/Library/Group Containers/UBF8T346G9.Office/MyExcelFolder/XLWINGS/20201211_140000_XLWGS.xlsx
20201211_110000,/Users/Bourtguize-Ramel/Library/Group Containers/UBF8T346G9.Office/MyExcelFolder/XLWINGS/20201211_110000_XLWGS.xlsx
20201211_080000,/Users/Bourtguize-Ramel/Library/Group Containers/UBF8T346G9.Office/MyExcelFolder/XLWINGS/20201211_080000_XLWGS.xlsx
20201211_040000,/Users/Bourtguize-Ramel/Library/Group Containers/UBF8T346G9.Office/MyExcelFolder/XLWINGS/20201211_040000_XLWGS.xlsx
20201210_210000,/Users/Bourtguize-Ramel/Library/Group Containers/UBF8T346G9.Office/MyExcelFolder/XLWINGS/20201210_210000_XLWGS.xlsx
20201210_170000,/Users/Bourtguize-Ramel/Library/Group Containers/UBF8T346G9.Office/MyExcelFolder/XLWINGS/20201210_170000_XLWGS.xlsx
20201210_140000,/Users/Bourtguize-Ramel/Library/Group Containers/UBF8T346G9.Office/MyExcelFolder/XLWINGS/20201210_140000_XLWGS.xlsx
20201210_110000,/Users/Bourtguize-Ramel/Library/Group Containers/UBF8T346G9.Office/MyExcelFolder/XLWINGS/20201210_110000_XLWGS.xlsx
20201210_080000,/Users/Bourtguize-Ramel/Library/Group Containers/UBF8T346G9.Office/MyExcelFolder/XLWINGS/20201210_080000_XLWGS.xlsx
20201210_040000,/Users/Bourtguize-Ramel/Library/Group Containers/UBF8T346G9.Office/MyExcelFolder/XLWINGS/20201210_040000_XLWGS.xlsx
20201209_210000,/Users/Bourtguize-Ramel/Library/Group Containers/UBF8T346G9.Office/MyExcelFolder/XLWINGS/20201209_210000_XLWGS.xlsx
20201209_170000,/Users/Bourtguize-Ramel/Library/Group Containers/UBF8T346G9.Office/MyExcelFolder/XLWINGS/20201209_170000_XLWGS.xlsx
20201209_140000,/Users/Bourtguize-Ramel/Library/Group Containers/UBF8T346G9.Office/MyExcelFolder/XLWINGS/20201209_140000_XLWGS.xlsx
20201209_110000,/Users/Bourtguize-Ramel/Library/Group Containers/UBF8T346G9.Office/MyExcelFolder/XLWINGS/20201209_110000_XLWGS.xlsx
20201209_080000,/Users/Bourtguize-Ramel/Library/Group Containers/UBF8T346G9.Office/MyExcelFolder/XLWINGS/20201209_080000_XLWGS.xlsx
20201209_040000,/Users/Bourtguize-Ramel/Library/Group Containers/UBF8T346G9.Office/MyExcelFolder/XLWINGS/20201209_040000_XLWGS.xlsx
20201208_210000,/Users/Bourtguize-Ramel/Library/Group Containers/UBF8T346G9.Office/MyExcelFolder/XLWINGS/20201208_210000_XLWGS.xlsx
20201208_170000,/Users/Bourtguize-Ramel/Library/Group Containers/UBF8T346G9.Office/MyExcelFolder/XLWINGS/20201208_170000_XLWGS.xlsx
20201208_140000,/Users/Bourtguize-Ramel/Library/Group Containers/UBF8T346G9.Office/MyExcelFolder/XLWINGS/20201208_140000_XLWGS.xlsx
20201208_110000,/Users/Bourtguize-Ramel/Library/Group Containers/UBF8T346G9.Office/MyExcelFolder/XLWINGS/20201208_110000_XLWGS.xlsx
20201208_080000,/Users/Bourtguize-Ramel/Library/Group Containers/UBF8T346G9.Office/MyExcelFolder/XLWINGS/20201208_080000_XLWGS.xlsx
20201208_040000,/Users/Bourtguize-Ramel/Library/Group Containers/UBF8T346G9.Office/MyExcelFolder/XLWINGS/20201208_040000_XLWGS.xlsx
20201207_210000,/Users/Bourtguize-Ramel/Library/Group Containers/UBF8T346G9.Office/MyExcelFolder/XLWINGS/20201207_210000_XLWGS.xlsx
20201207_170000,/Users/Bourtguize-Ramel/Library/Group Containers/UBF8T346G9.Office/MyExcelFolder/XLWINGS/20201207_170000_XLWGS.xlsx
20201207_140000,/Users/Bourtguize-Ramel/Library/Group Containers/UBF8T346G9.Office/MyExcelFolder/XLWINGS/20201207_140000_XLWGS.xlsx
20201207_110000,/Users/Bourtguize-Ramel/Library/Group Containers/UBF8T346G9.Office/MyExcelFolder/XLWINGS/20201207_110000_XLWGS.xlsx
20201207_080000,/Users/Bourtguize-Ramel/Library/Group Containers/UBF8T346G9.Office/MyExcelFolder/XLWINGS/20201207_080000_XLWGS.xlsx
20201207_040000,/Users/Bourtguize-Ramel/Library/Group Containers/UBF8T346G9.Office/MyExcelFolder/XLWINGS/20201207_040000_XLWGS.xlsx
20201206_210000,/Users/Bourtguize-Ramel/Library/Group Containers/UBF8T346G9.Office/MyExcelFolder/XLWINGS/20201206_210000_XLWGS.xlsx
20201206_170000,/Users/Bourtguize-Ramel/Library/Group Containers/UBF8T346G9.Office/MyExcelFolder/XLWINGS/20201206_170000_XLWGS.xlsx
20201206_140000,/Users/Bourtguize-Ramel/Library/Group Containers/UBF8T346G9.Office/MyExcelFolder/XLWINGS/20201206_140000_XLWGS.xlsx
20201206_110000,/Users/Bourtguize-Ramel/Library/Group Containers/UBF8T346G9.Office/MyExcelFolder/XLWINGS/20201206_110000_XLWGS.xlsx
20201206_080000,/Users/Bourtguize-Ramel/Library/Group Containers/UBF8T346G9.Office/MyExcelFolder/XLWINGS/20201206_080000_XLWGS.xlsx
20201206_040000,/Users/Bourtguize-Ramel/Library/Group Containers/UBF8T346G9.Office/MyExcelFolder/XLWINGS/20201206_040000_XLWGS.xlsx
20201205_210000,/Users/Bourtguize-Ramel/Library/Group Containers/UBF8T346G9.Office/MyExcelFolder/XLWINGS/20201205_210000_XLWGS.xlsx
20201205_170000,/Users/Bourtguize-Ramel/Library/Group Containers/UBF8T346G9.Office/MyExcelFolder/XLWINGS/20201205_170000_XLWGS.xlsx
20201205_140000,/Users/Bourtguize-Ramel/Library/Group Containers/UBF8T346G9.Office/MyExcelFolder/XLWINGS/20201205_140000_XLWGS.xlsx
20201205_110000,/Users/Bourtguize-Ramel/Library/Group Containers/UBF8T346G9.Office/MyExcelFolder/XLWINGS/20201205_110000_XLWGS.xlsx
20201205_080000,/Users/Bourtguize-Ramel/Library/Group Containers/UBF8T346G9.Office/MyExcelFolder/XLWINGS/20201205_080000_XLWGS.xlsx
20201205_040000,/Users/Bourtguize-Ramel/Library/Group Containers/UBF8T346G9.Office/MyExcelFolder/XLWINGS/20201205_040000_XLWGS.xlsx
20201204_210000,/Users/Bourtguize-Ramel/Library/Group Containers/UBF8T346G9.Office/MyExcelFolder/XLWINGS/20201204_210000_XLWGS.xlsx
20201204_170000,/Users/Bourtguize-Ramel/Library/Group Containers/UBF8T346G9.Office/MyExcelFolder/XLWINGS/20201204_170000_XLWGS.xlsx
20201204_140000,/Users/Bourtguize-Ramel/Library/Group Containers/UBF8T346G9.Office/MyExcelFolder/XLWINGS/20201204_140000_XLWGS.xlsx
20201204_110000,/Users/Bourtguize-Ramel/Library/Group Containers/UBF8T346G9.Office/MyExcelFolder/XLWINGS/20201204_110000_XLWGS.xlsx
20201204_080000,/Users/Bourtguize-Ramel/Library/Group Containers/UBF8T346G9.Office/MyExcelFolder/XLWINGS/20201204_080000_XLWGS.xlsx
20201204_040000,/Users/Bourtguize-Ramel/Library/Group Containers/UBF8T346G9.Office/MyExcelFolder/XLWINGS/20201204_040000_XLWGS.xlsx
20201203_210000,/Users/Bourtguize-Ramel/Library/Group Containers/UBF8T346G9.Office/MyExcelFolder/XLWINGS/20201203_210000_XLWGS.xlsx
20201203_170000,/Users/Bourtguize-Ramel/Library/Group Containers/UBF8T346G9.Office/MyExcelFolder/XLWINGS/20201203_170000_XLWGS.xlsx
20201203_140000,/Users/Bourtguize-Ramel/Library/Group Containers/UBF8T346G9.Office/MyExcelFolder/XLWINGS/20201203_140000_XLWGS.xlsx
20201203_110000,/Users/Bourtguize-Ramel/Library/Group Containers/UBF8T346G9.Office/MyExcelFolder/XLWINGS/20201203_110000_XLWGS.xlsx
20201203_080000,/Users/Bourtguize-Ramel/Library/Group Containers/UBF8T346G9.Office/MyExcelFolder/XLWINGS/20201203_080000_XLWGS.xlsx
20201203_040000,/Users/Bourtguize-Ramel/Library/Group Containers/UBF8T346G9.Office/MyExcelFolder/XLWINGS/20201203_040000_XLWGS.xlsx
20201202_210000,/Users/Bourtguize-Ramel/Library/Group Containers/UBF8T346G9.Office/MyExcelFolder/XLWINGS/20201202_210000_XLWGS.xlsx
20201202_170000,/Users/Bourtguize-Ramel/Library/Group Containers/UBF8T346G9.Office/MyExcelFolder/XLWINGS/20201202_170000_XLWGS.xlsx
20201202_140000,/Users/Bourtguize-Ramel/Library/Group Containers/UBF8T346G9.Office/MyExcelFolder/XLWINGS/20201202_140000_XLWGS.xlsx
20201202_110000,/Users/Bourtguize-Ramel/Library/Group Containers/UBF8T346G9.Office/MyExcelFolder/XLWINGS/20201202_110000_XLWGS.xlsx
20201202_080000,/Users/Bourtguize-Ramel/Library/Group Containers/UBF8T346G9.Office/MyExcelFolder/XLWINGS/20201202_080000_XLWGS.xlsx
20201202_040000,/Users/Bourtguize-Ramel/Library/Group Containers/UBF8T346G9.Office/MyExcelFolder/XLWINGS/20201202_040000_XLWGS.xlsx
20201201_210000,/Users/Bourtguize-Ramel/Library/Group Containers/UBF8T346G9.Office/MyExcelFolder/XLWINGS/20201201_210000_XLWGS.xlsx
20201201_170000,/Users/Bourtguize-Ramel/Library/Group Containers/UBF8T346G9.Office/MyExcelFolder/XLWINGS/20201201_170000_XLWGS.xlsx
20201201_140000,/Users/Bourtguize-Ramel/Library/Group Containers/UBF8T346G9.Office/MyExcelFolder/XLWINGS/20201201_140000_XLWGS.xlsx
20201201_110000,/Users/Bourtguize-Ramel/Library/Group Containers/UBF8T346G9.Office/MyExcelFolder/XLWINGS/20201201_110000_XLWGS.xlsx
20201201_080000,/Users/Bourtguize-Ramel/Library/Group Containers/UBF8T346G9.Office/MyExcelFolder/XLWINGS/20201201_080000_XLWGS.xlsx
20201201_040000,/Users/Bourtguize-Ramel/Library/Group Containers/UBF8T346G9.Office/MyExcelFolder/XLWINGS/20201201_040000_XLWGS.xlsx
20201130_210000,/Users/Bourtguize-Ramel/Library/Group Containers/UBF8T346G9.Office/MyExcelFolder/XLWINGS/20201130_210000_XLWGS.xlsx
20201130_170000,/Users/Bourtguize-Ramel/Library/Group Containers/UBF8T346G9.Office/MyExcelFolder/XLWINGS/20201130_170000_XLWGS.xlsx
20201130_140000,/Users/Bourtguize-Ramel/Library/Group Containers/UBF8T346G9.Office/MyExcelFolder/XLWINGS/20201130_140000_XLWGS.xlsx
20201130_110000,/Users/Bourtguize-Ramel/Library/Group Containers/UBF8T346G9.Office/MyExcelFolder/XLWINGS/20201130_110000_XLWGS.xlsx
20201130_080000,/Users/Bourtguize-Ramel/Library/Group Containers/UBF8T346G9.Office/MyExcelFolder/XLWINGS/20201130_080000_XLWGS.xlsx
20201130_040000,/Users/Bourtguize-Ramel/Library/Group Containers/UBF8T346G9.Office/MyExcelFolder/XLWINGS/20201130_040000_XLWGS.xlsx
20201129_210000,/Users/Bourtguize-Ramel/Library/Group Containers/UBF8T346G9.Office/MyExcelFolder/XLWINGS/20201129_210000_XLWGS.xlsx
20201129_170000,/Users/Bourtguize-Ramel/Library/Group Containers/UBF8T346G9.Office/MyExcelFolder/XLWINGS/20201129_170000_XLWGS.xlsx
20201129_140000,/Users/Bourtguize-Ramel/Library/Group Containers/UBF8T346G9.Office/MyExcelFolder/XLWINGS/20201129_140000_XLWGS.xlsx
20201129_110000,/Users/Bourtguize-Ramel/Library/Group Containers/UBF8T346G9.Office/MyExcelFolder/XLWINGS/20201129_110000_XLWGS.xlsx
20201129_080000,/Users/Bourtguize-Ramel/Library/Group Containers/UBF8T346G9.Office/MyExcelFolder/XLWINGS/20201129_080000_XLWGS.xlsx
20201129_040000,/Users/Bourtguize-Ramel/Library/Group Containers/UBF8T346G9.Office/MyExcelFolder/XLWINGS/20201129_040000_XLWGS.xlsx
20201128_210000,/Users/Bourtguize-Ramel/Library/Group Containers/UBF8T346G9.Office/MyExcelFolder/XLWINGS/20201128_210000_XLWGS.xlsx
20201128_170000,/Users/Bourtguize-Ramel/Library/Group Containers/UBF8T346G9.Office/MyExcelFolder/XLWINGS/20201128_170000_XLWGS.xlsx
20201128_140000,/Users/Bourtguize-Ramel/Library/Group Containers/UBF8T346G9.Office/MyExcelFolder/XLWINGS/20201128_140000_XLWGS.xlsx
20201128_110000,/Users/Bourtguize-Ramel/Library/Group Containers/UBF8T346G9.Office/MyExcelFolder/XLWINGS/20201128_110000_XLWGS.xlsx
20201128_080000,/Users/Bourtguize-Ramel/Library/Group Containers/UBF8T346G9.Office/MyExcelFolder/XLWINGS/20201128_080000_XLWGS.xlsx
20201128_040000,/Users/Bourtguize-Ramel/Library/Group Containers/UBF8T346G9.Office/MyExcelFolder/XLWINGS/20201128_040000_XLWGS.xlsx
20201127_210000,/Users/Bourtguize-Ramel/Library/Group Containers/UBF8T346G9.Office/MyExcelFolder/XLWINGS/20201127_210000_XLWGS.xlsx
20201127_170000,/Users/Bourtguize-Ramel/Library/Group Containers/UBF8T346G9.Office/MyExcelFolder/XLWINGS/20201127_170000_XLWGS.xlsx
20201127_140000,/Users/Bourtguize-Ramel/Library/Group Containers/UBF8T346G9.Office/MyExcelFolder/XLWINGS/20201127_140000_XLWGS.xlsx
20201127_110000,/Users/Bourtguize-Ramel/Library/Group Containers/UBF8T346G9.Office/MyExcelFolder/XLWINGS/20201127_110000_XLWGS.xlsx
20201127_080000,/Users/Bourtguize-Ramel/Library/Group Containers/UBF8T346G9.Office/MyExcelFolder/XLWINGS/20201127_080000_XLWGS.xlsx
20201127_040000,/Users/Bourtguize-Ramel/Library/Group Containers/UBF8T346G9.Office/MyExcelFolder/XLWINGS/20201127_040000_XLWGS.xlsx
20201126_210000,/Users/Bourtguize-Ramel/Library/Group Containers/UBF8T346G9.Office/MyExcelFolder/XLWINGS/20201126_210000_XLWGS.xlsx
20201126_170000,/Users/Bourtguize-Ramel/Library/Group Containers/UBF8T346G9.Office/MyExcelFolder/XLWINGS/20201126_170000_XLWGS.xlsx
20201126_140000,/Users/Bourtguize-Ramel/Library/Group Containers/UBF8T346G9.Office/MyExcelFolder/XLWINGS/20201126_140000_XLWGS.xlsx
20201126_110000,/Users/Bourtguize-Ramel/Library/Group Containers/UBF8T346G9.Office/MyExcelFolder/XLWINGS/20201126_110000_XLWGS.xlsx
20201126_080000,/Users/Bourtguize-Ramel/Library/Group Containers/UBF8T346G9.Office/MyExcelFolder/XLWINGS/20201126_080000_XLWGS.xlsx
20201126_040000,/Users/Bourtguize-Ramel/Library/Group Containers/UBF8T346G9.Office/MyExcelFolder/XLWINGS/20201126_040000_XLWGS.xlsx
20201125_210000,/Users/Bourtguize-Ramel/Library/Group Containers/UBF8T346G9.Office/MyExcelFolder/XLWINGS/20201125_210000_XLWGS.xlsx
20201125_170000,/Users/Bourtguize-Ramel/Library/Group Containers/UBF8T346G9.Office/MyExcelFolder/XLWINGS/20201125_170000_XLWGS.xlsx
20201125_140000,/Users/Bourtguize-Ramel/Library/Group Containers/UBF8T346G9.Office/MyExcelFolder/XLWINGS/20201125_140000_XLWGS.xlsx
20201125_110000,/Users/Bourtguize-Ramel/Library/Group Containers/UBF8T346G9.Office/MyExcelFolder/XLWINGS/20201125_110000_XLWGS.xlsx
20201125_080000,/Users/Bourtguize-Ramel/Library/Group Containers/UBF8T346G9.Office/MyExcelFolder/XLWINGS/20201125_080000_XLWGS.xlsx
20201125_040000,/Users/Bourtguize-Ramel/Library/Group Containers/UBF8T346G9.Office/MyExcelFolder/XLWINGS/20201125_040000_XLWGS.xlsx
20201124_210000,/Users/Bourtguize-Ramel/Library/Group Containers/UBF8T346G9.Office/MyExcelFolder/XLWINGS/20201124_210000_XLWGS.xlsx
20201124_170000,/Users/Bourtguize-Ramel/Library/Group Containers/UBF8T346G9.Office/MyExcelFolder/XLWINGS/20201124_170000_XLWGS.xlsx
20201124_140000,/Users/Bourtguize-Ramel/Library/Group Containers/UBF8T346G9.Office/MyExcelFolder/XLWINGS/20201124_140000_XLWGS.xlsx
20201124_110000,/Users/Bourtguize-Ramel/Library/Group Containers/UBF8T346G9.Office/MyExcelFolder/XLWINGS/20201124_110000_XLWGS.xlsx
20201124_080000,/Users/Bourtguize-Ramel/Library/Group Containers/UBF8T346G9.Office/MyExcelFolder/XLWINGS/20201124_080000_XLWGS.xlsx
20201124_040000,/Users/Bourtguize-Ramel/Library/Group Containers/UBF8T346G9.Office/MyExcelFolder/XLWINGS/20201124_040000_XLWGS.xlsx
20201123_210000,/Users/Bourtguize-Ramel/Library/Group Containers/UBF8T346G9.Office/MyExcelFolder/XLWINGS/20201123_210000_XLWGS.xlsx
20201123_170000,/Users/Bourtguize-Ramel/Library/Group Containers/UBF8T346G9.Office/MyExcelFolder/XLWINGS/20201123_170000_XLWGS.xlsx
20201123_140000,/Users/Bourtguize-Ramel/Library/Group Containers/UBF8T346G9.Office/MyExcelFolder/XLWINGS/20201123_140000_XLWGS.xlsx
20201123_110000,/Users/Bourtguize-Ramel/Library/Group Containers/UBF8T346G9.Office/MyExcelFolder/XLWINGS/20201123_110000_XLWGS.xlsx
20201123_080000,/Users/Bourtguize-Ramel/Library/Group Containers/UBF8T346G9.Office/MyExcelFolder/XLWINGS/20201123_080000_XLWGS.xlsx
20201123_040000,/Users/Bourtguize-Ramel/Library/Group Containers/UBF8T346G9.Office/MyExcelFolder/XLWINGS/20201123_040000_XLWGS.xlsx
20201122_210000,/Users/Bourtguize-Ramel/Library/Group Containers/UBF8T346G9.Office/MyExcelFolder/XLWINGS/20201122_210000_XLWGS.xlsx
20201122_170000,/Users/Bourtguize-Ramel/Library/Group Containers/UBF8T346G9.Office/MyExcelFolder/XLWINGS/20201122_170000_XLWGS.xlsx
20201122_140000,/Users/Bourtguize-Ramel/Library/Group Containers/UBF8T346G9.Office/MyExcelFolder/XLWINGS/20201122_140000_XLWGS.xlsx
20201122_110000,/Users/Bourtguize-Ramel/Library/Group Containers/UBF8T346G9.Office/MyExcelFolder/XLWINGS/20201122_110000_XLWGS.xlsx
20201122_080000,/Users/Bourtguize-Ramel/Library/Group Containers/UBF8T346G9.Office/MyExcelFolder/XLWINGS/20201122_080000_XLWGS.xlsx
20201122_040000,/Users/Bourtguize-Ramel/Library/Group Containers/UBF8T346G9.Office/MyExcelFolder/XLWINGS/20201122_040000_XLWGS.xlsx
20201121_210000,/Users/Bourtguize-Ramel/Library/Group Containers/UBF8T346G9.Office/MyExcelFolder/XLWINGS/20201121_210000_XLWGS.xlsx
20201121_170000,/Users/Bourtguize-Ramel/Library/Group Containers/UBF8T346G9.Office/MyExcelFolder/XLWINGS/20201121_170000_XLWGS.xlsx
20201121_140000,/Users/Bourtguize-Ramel/Library/Group Containers/UBF8T346G9.Office/MyExcelFolder/XLWINGS/20201121_140000_XLWGS.xlsx
20201121_110000,/Users/Bourtguize-Ramel/Library/Group Containers/UBF8T346G9.Office/MyExcelFolder/XLWINGS/20201121_110000_XLWGS.xlsx
20201121_080000,/Users/Bourtguize-Ramel/Library/Group Containers/UBF8T346G9.Office/MyExcelFolder/XLWINGS/20201121_080000_XLWGS.xlsx
20201121_040000,/Users/Bourtguize-Ramel/Library/Group Containers/UBF8T346G9.Office/MyExcelFolder/XLWINGS/20201121_040000_XLWGS.xlsx
20201120_210000,/Users/Bourtguize-Ramel/Library/Group Containers/UBF8T346G9.Office/MyExcelFolder/XLWINGS/20201120_210000_XLWGS.xlsx
20201120_170000,/Users/Bourtguize-Ramel/Library/Group Containers/UBF8T346G9.Office/MyExcelFolder/XLWINGS/20201120_170000_XLWGS.xlsx
20201120_140000,/Users/Bourtguize-Ramel/Library/Group Containers/UBF8T346G9.Office/MyExcelFolder/XLWINGS/20201120_140000_XLWGS.xlsx
20201120_110000,/Users/Bourtguize-Ramel/Library/Group Containers/UBF8T346G9.Office/MyExcelFolder/XLWINGS/20201120_110000_XLWGS.xlsx
20201120_080000,/Users/Bourtguize-Ramel/Library/Group Containers/UBF8T346G9.Office/MyExcelFolder/XLWINGS/20201120_080000_XLWGS.xlsx
20201120_040000,/Users/Bourtguize-Ramel/Library/Group Containers/UBF8T346G9.Office/MyExcelFolder/XLWINGS/20201120_040000_XLWGS.xlsx
20201119_210000,/Users/Bourtguize-Ramel/Library/Group Containers/UBF8T346G9.Office/MyExcelFolder/XLWINGS/20201119_210000_XLWGS.xlsx
20201119_170000,/Users/Bourtguize-Ramel/Library/Group Containers/UBF8T346G9.Office/MyExcelFolder/XLWINGS/20201119_170000_XLWGS.xlsx
20201119_140000,/Users/Bourtguize-Ramel/Library/Group Containers/UBF8T346G9.Office/MyExcelFolder/XLWINGS/20201119_140000_XLWGS.xlsx
20201119_110000,/Users/Bourtguize-Ramel/Library/Group Containers/UBF8T346G9.Office/MyExcelFolder/XLWINGS/20201119_110000_XLWGS.xlsx
20201119_080000,/Users/Bourtguize-Ramel/Library/Group Containers/UBF8T346G9.Office/MyExcelFolder/XLWINGS/20201119_080000_XLWGS.xlsx
20201119_040000,/Users/Bourtguize-Ramel/Library/Group Containers/UBF8T346G9.Office/MyExcelFolder/XLWINGS/20201119_040000_XLWGS.xlsx
20201118_210000,/Users/Bourtguize-Ramel/Library/Group Containers/UBF8T346G9.Office/MyExcelFolder/XLWINGS/20201118_210000_XLWGS.xlsx
20201118_170000,/Users/Bourtguize-Ramel/Library/Group Containers/UBF8T346G9.Office/MyExcelFolder/XLWINGS/20201118_170000_XLWGS.xlsx
20201118_140000,/Users/Bourtguize-Ramel/Library/Group Containers/UBF8T346G9.Office/MyExcelFolder/XLWINGS/20201118_140000_XLWGS.xlsx
20201118_110000,/Users/Bourtguize-Ramel/Library/Group Containers/UBF8T346G9.Office/MyExcelFolder/XLWINGS/20201118_110000_XLWGS.xlsx
20201118_080000,/Users/Bourtguize-Ramel/Library/Group Containers/UBF8T346G9.Office/MyExcelFolder/XLWINGS/20201118_080000_XLWGS.xlsx
20201118_040000,/Users/Bourtguize-Ramel/Library/Group Containers/UBF8T346G9.Office/MyExcelFolder/XLWINGS/20201118_040000_XLWGS.xlsx
20201117_210000,/Users/Bourtguize-Ramel/Library/Group Containers/UBF8T346G9.Office/MyExcelFolder/XLWINGS/20201117_210000_XLWGS.xlsx
20201117_170000,/Users/Bourtguize-Ramel/Library/Group Containers/UBF8T346G9.Office/MyExcelFolder/XLWINGS/20201117_170000_XLWGS.xlsx
20201117_140000,/Users/Bourtguize-Ramel/Library/Group Containers/UBF8T346G9.Office/MyExcelFolder/XLWINGS/20201117_140000_XLWGS.xlsx
20201117_110000,/Users/Bourtguize-Ramel/Library/Group Containers/UBF8T346G9.Office/MyExcelFolder/XLWINGS/20201117_110000_XLWGS.xlsx
20201117_080000,/Users/Bourtguize-Ramel/Library/Group Containers/UBF8T346G9.Office/MyExcelFolder/XLWINGS/20201117_080000_XLWGS.xlsx
20201117_040000,/Users/Bourtguize-Ramel/Library/Group Containers/UBF8T346G9.Office/MyExcelFolder/XLWINGS/20201117_040000_XLWGS.xlsx
20201116_210000,/Users/Bourtguize-Ramel/Library/Group Containers/UBF8T346G9.Office/MyExcelFolder/XLWINGS/20201116_210000_XLWGS.xlsx
20201116_170000,/Users/Bourtguize-Ramel/Library/Group Containers/UBF8T346G9.Office/MyExcelFolder/XLWINGS/20201116_170000_XLWGS.xlsx
20201116_140000,/Users/Bourtguize-Ramel/Library/Group Containers/UBF8T346G9.Office/MyExcelFolder/XLWINGS/20201116_140000_XLWGS.xlsx
20201116_110000,/Users/Bourtguize-Ramel/Library/Group Containers/UBF8T346G9.Office/MyExcelFolder/XLWINGS/20201116_110000_XLWGS.xlsx
20201116_080000,/Users/Bourtguize-Ramel/Library/Group Containers/UBF8T346G9.Office/MyExcelFolder/XLWINGS/20201116_080000_XLWGS.xlsx
20201116_040000,/Users/Bourtguize-Ramel/Library/Group Containers/UBF8T346G9.Office/MyExcelFolder/XLWINGS/20201116_040000_XLWGS.xlsx
20201115_210000,/Users/Bourtguize-Ramel/Library/Group Containers/UBF8T346G9.Office/MyExcelFolder/XLWINGS/20201115_210000_XLWGS.xlsx
20201115_170000,/Users/Bourtguize-Ramel/Library/Group Containers/UBF8T346G9.Office/MyExcelFolder/XLWINGS/20201115_170000_XLWGS.xlsx
20201115_140000,/Users/Bourtguize-Ramel/Library/Group Containers/UBF8T346G9.Office/MyExcelFolder/XLWINGS/20201115_140000_XLWGS.xlsx
20201115_110000,/Users/Bourtguize-Ramel/Library/Group Containers/UBF8T346G9.Office/MyExcelFolder/XLWINGS/20201115_110000_XLWGS.xlsx
20201115_080000,/Users/Bourtguize-Ramel/Library/Group Containers/UBF8T346G9.Office/MyExcelFolder/XLWINGS/20201115_080000_XLWGS.xlsx
20201115_040000,/Users/Bourtguize-Ramel/Library/Group Containers/UBF8T346G9.Office/MyExcelFolder/XLWINGS/20201115_040000_XLWGS.xlsx
20201114_210000,/Users/Bourtguize-Ramel/Library/Group Containers/UBF8T346G9.Office/MyExcelFolder/XLWINGS/20201114_210000_XLWGS.xlsx
20201114_170000,/Users/Bourtguize-Ramel/Library/Group Containers/UBF8T346G9.Office/MyExcelFolder/XLWINGS/20201114_170000_XLWGS.xlsx
20201114_140000,/Users/Bourtguize-Ramel/Library/Group Containers/UBF8T346G9.Office/MyExcelFolder/XLWINGS/20201114_140000_XLWGS.xlsx
20201114_110000,/Users/Bourtguize-Ramel/Library/Group Containers/UBF8T346G9.Office/MyExcelFolder/XLWINGS/20201114_110000_XLWGS.xlsx
20201114_080000,/Users/Bourtguize-Ramel/Library/Group Containers/UBF8T346G9.Office/MyExcelFolder/XLWINGS/20201114_080000_XLWGS.xlsx
20201114_040000,/Users/Bourtguize-Ramel/Library/Group Containers/UBF8T346G9.Office/MyExcelFolder/XLWINGS/20201114_040000_XLWGS.xlsx
20201113_210000,/Users/Bourtguize-Ramel/Library/Group Containers/UBF8T346G9.Office/MyExcelFolder/XLWINGS/20201113_210000_XLWGS.xlsx
20201113_170000,/Users/Bourtguize-Ramel/Library/Group Containers/UBF8T346G9.Office/MyExcelFolder/XLWINGS/20201113_170000_XLWGS.xlsx
20201113_140000,/Users/Bourtguize-Ramel/Library/Group Containers/UBF8T346G9.Office/MyExcelFolder/XLWINGS/20201113_140000_XLWGS.xlsx
20201113_110000,/Users/Bourtguize-Ramel/Library/Group Containers/UBF8T346G9.Office/MyExcelFolder/XLWINGS/20201113_110000_XLWGS.xlsx
20201113_080000,/Users/Bourtguize-Ramel/Library/Group Containers/UBF8T346G9.Office/MyExcelFolder/XLWINGS/20201113_080000_XLWGS.xlsx
20201113_040000,/Users/Bourtguize-Ramel/Library/Group Containers/UBF8T346G9.Office/MyExcelFolder/XLWINGS/20201113_040000_XLWGS.xlsx
20201112_210000,/Users/Bourtguize-Ramel/Library/Group Containers/UBF8T346G9.Office/MyExcelFolder/XLWINGS/20201112_210000_XLWGS.xlsx
20201112_170000,/Users/Bourtguize-Ramel/Library/Group Containers/UBF8T346G9.Office/MyExcelFolder/XLWINGS/20201112_170000_XLWGS.xlsx
20201112_140000,/Users/Bourtguize-Ramel/Library/Group Containers/UBF8T346G9.Office/MyExcelFolder/XLWINGS/20201112_140000_XLWGS.xlsx
20201112_110000,/Users/Bourtguize-Ramel/Library/Group Containers/UBF8T346G9.Office/MyExcelFolder/XLWINGS/20201112_110000_XLWGS.xlsx
20201112_080000,/Users/Bourtguize-Ramel/Library/Group Containers/UBF8T346G9.Office/MyExcelFolder/XLWINGS/20201112_080000_XLWGS.xlsx
20201112_040000,/Users/Bourtguize-Ramel/Library/Group Containers/UBF8T346G9.Office/MyExcelFolder/XLWINGS/20201112_040000_XLWGS.xlsx
20201111_210000,/Users/Bourtguize-Ramel/Library/Group Containers/UBF8T346G9.Office/MyExcelFolder/XLWINGS/20201111_210000_XLWGS.xlsx
20201111_170000,/Users/Bourtguize-Ramel/Library/Group Containers/UBF8T346G9.Office/MyExcelFolder/XLWINGS/20201111_170000_XLWGS.xlsx
20201111_140000,/Users/Bourtguize-Ramel/Library/Group Containers/UBF8T346G9.Office/MyExcelFolder/XLWINGS/20201111_140000_XLWGS.xlsx
20201111_110000,/Users/Bourtguize-Ramel/Library/Group Containers/UBF8T346G9.Office/MyExcelFolder/XLWINGS/20201111_110000_XLWGS.xlsx
20201111_080000,/Users/Bourtguize-Ramel/Library/Group Containers/UBF8T346G9.Office/MyExcelFolder/XLWINGS/20201111_080000_XLWGS.xlsx
20201111_040000,/Users/Bourtguize-Ramel/Library/Group Containers/UBF8T346G9.Office/MyExcelFolder/XLWINGS/20201111_040000_XLWGS.xlsx
20201110_210000,/Users/Bourtguize-Ramel/Library/Group Containers/UBF8T346G9.Office/MyExcelFolder/XLWINGS/20201110_210000_XLWGS.xlsx
20201110_170000,/Users/Bourtguize-Ramel/Library/Group Containers/UBF8T346G9.Office/MyExcelFolder/XLWINGS/20201110_170000_XLWGS.xlsx
20201110_140000,/Users/Bourtguize-Ramel/Library/Group Containers/UBF8T346G9.Office/MyExcelFolder/XLWINGS/20201110_140000_XLWGS.xlsx
20201110_110000,/Users/Bourtguize-Ramel/Library/Group Containers/UBF8T346G9.Office/MyExcelFolder/XLWINGS/20201110_110000_XLWGS.xlsx
20201110_080000,/Users/Bourtguize-Ramel/Library/Group Containers/UBF8T346G9.Office/MyExcelFolder/XLWINGS/20201110_080000_XLWGS.xlsx
20201110_040000,/Users/Bourtguize-Ramel/Library/Group Containers/UBF8T346G9.Office/MyExcelFolder/XLWINGS/20201110_040000_XLWGS.xlsx
20201109_210000,/Users/Bourtguize-Ramel/Library/Group Containers/UBF8T346G9.Office/MyExcelFolder/XLWINGS/20201109_210000_XLWGS.xlsx
20201109_170000,/Users/Bourtguize-Ramel/Library/Group Containers/UBF8T346G9.Office/MyExcelFolder/XLWINGS/20201109_170000_XLWGS.xlsx
20201109_140000,/Users/Bourtguize-Ramel/Library/Group Containers/UBF8T346G9.Office/MyExcelFolder/XLWINGS/20201109_140000_XLWGS.xlsx
20201109_110000,/Users/Bourtguize-Ramel/Library/Group Containers/UBF8T346G9.Office/MyExcelFolder/XLWINGS/20201109_110000_XLWGS.xlsx
20201109_080000,/Users/Bourtguize-Ramel/Library/Group Containers/UBF8T346G9.Office/MyExcelFolder/XLWINGS/20201109_080000_XLWGS.xlsx
20201109_040000,/Users/Bourtguize-Ramel/Library/Group Containers/UBF8T346G9.Office/MyExcelFolder/XLWINGS/20201109_040000_XLWGS.xlsx
20201108_210000,/Users/Bourtguize-Ramel/Library/Group Containers/UBF8T346G9.Office/MyExcelFolder/XLWINGS/20201108_210000_XLWGS.xlsx
20201108_170000,/Users/Bourtguize-Ramel/Library/Group Containers/UBF8T346G9.Office/MyExcelFolder/XLWINGS/20201108_170000_XLWGS.xlsx
20201108_150000,/Users/Bourtguize-Ramel/Library/Group Containers/UBF8T346G9.Office/MyExcelFolder/XLWINGS/20201108_150000_XLWGS.xlsx
20201108_140000,/Users/Bourtguize-Ramel/Library/Group Containers/UBF8T346G9.Office/MyExcelFolder/XLWINGS/20201108_140000_XLWGS.xlsx
20201108_120200,/Users/Bourtguize-Ramel/Library/Group Containers/UBF8T346G9.Office/MyExcelFolder/XLWINGS/20201108_120200_XLWGS.xlsx
